id,src,tgt
oa00000000,中国和瓦努阿图双方今天在这里就瓦努阿图总理卡洛特访华发表了新闻公报。,中国和瓦努阿图双方今天在这里就瓦努阿图总理卡洛特访华发表了新闻公报。
oa00000001,从一九八四年元月起，全厂层层开展月评十件好事活动，六年多来从未间断。,从一九八四年元月起，全厂层层开展月评十件好事活动，六年多来从未间断。
oa00000002,不能在绿茵场上像队员一样奔跑拚搏，就用其他形式为中国足球的发展推波助澜。,不能在绿茵场上像队员一样奔跑拼搏，就用其他形式为中国足球的发展推波助澜。
oa00000003,该基金总规模七亿元，其中募集走进额上限为五亿元。,该基金总规模七亿元，其中募集总金额上限为五亿元。
oa00000004,中国外交部发言人姜瑜8日在侧行记者会上宣布，国务院总理温家宝将生席5月16日至17日在上海举行的2007年非洲开发银行集团理事会年会，并发表讲话。,中国外交部发言人姜瑜8日在例行记者会上宣布，国务院总理温家宝将出席5月16日至17日在上海举行的2007年非洲开发银行集团理事会年会，并发表讲话。
oa00000005,研究人员惊讶地发现，他们所探测到的磁场比原来估计的要强得多，这就是说，磁气圈当时强到足以保护地球免遭太阳风暴的毁灭性破坏。这一研究成果对准算地球生命的历史非常有帮助。,研究人员惊讶地发现，他们所探测到的磁场比原来估计的要强得多，这就是说，磁气圈当时强到足以保护地球免遭太阳风暴的毁灭性破坏。这一研究成果对推算地球生命的历史非常有帮助。
oa00000006,项目聘请专业的调研公司进行调研，力邀著名的设计师共同打造的这一产品，广受业内外人士好评的力作，设计师深爱业主最以品质生活的追求。,项目聘请专业的调研公司进行调研，力邀著名的设计师共同打造的这一产品，广受业内外人士好评的力作，设计师深爱业主最以品质生活的追求。
oa00000007,雷亚的长篇谈话记录，题为《文化即命运》，文中，李光耀对“亚洲价值”进行了详尽的阐发。,雷亚的长篇谈话记录，题为《文化即命运》，文中，李光耀对“亚洲价值”进行了详尽的阐发。
oa00000008,统计数据显永，超过网络进行阅读的党敌干部占到百分之二十六，仅次于通过书籍阅读的28%，但是这个比例已经超过了通过报纸和杂志进行阅读的百分之二十四和百分之十九。,统计数据显示，通过网络进行阅读的党政干部占到百分之二十六，仅次于通过书籍阅读的28%，但是这个比例已经超过了通过报纸和杂志进行阅读的百分之二十四和百分之十九。
oa00000009,它不仅要求我们作业要整洁，衣着要整洁，防护也要整齐，要养成良好的学习和生活习惯。,她不仅要求我们作业要整洁，衣着要整洁，床铺也要整齐，要养成良好的学习和生活习惯。
oa00000010,然后秘密地放在早用小刀凿好的小土窑里，过几天一软，就可以吃了。炎热天的晌午，临到玩抓石头子儿，或用小树枝儿在棋盘似的方格格里摆开阵势，玩“狼吃娃”。,然后秘密地放在早用小刀凿好的小土窑里，过几天一软，就可以吃了。炎热天的晌午，临到玩抓石头子儿，或用小树枝儿在棋盘似的方格格里摆开阵势，玩“狼吃娃”。
oa00000011,层峦送峰的太行山，层层由南向北铺开，陡然又像条卧龙似的向东来了个急转弯，又掉头南行。,层峦迭嶂的太行山，层层由南向北铺开，陡然又像条卧龙似的向东来了个急转弯，又掉头南行。
oa00000012,翠绿的叶子也变成金黄色的。绿的时候它很脆，一捋就断；呈金黄色时，就又柔又韧。把它拔下来，就可以拧成指头粗的带环儿的绳子，悬挂在草棚里，每根绳可以辫蒜似的吊上百个柿子。,翠绿的叶子也变成金黄色的。绿的时候它很脆，一捋就断；呈金黄色时，就又柔又韧。把它拔下来，就可以拧成指头粗的带环儿的绳子，悬挂在草棚里，每根绳可以辫蒜似的吊上百个柿子。
oa00000013,纵有家财万贯，不如钧瓷一片”说的是天下第一瓷，禹州钧瓷。,纵有家财万贯，不如钧瓷一片”说的是天下第一瓷，禹州钧瓷。
oa00000014,这双解放初期沂蒙山区“识字班”穿的绊带布鞋，在这“群芳荟萃”的鞋的长河中，它显得是怎样的土气和不协闹啊！,这双解放初期沂蒙山区“识字班”穿的绊带布鞋，在这“群芳荟萃”的鞋的长河中，它显得是怎样的土气和不协调啊！
oa00000015,我国古代有人曾根据语句有否押韵把文学作品分为韵文与散文两个大类。,我国古代有人曾根据语句有否押韵把文学作品分为韵文与散文两个大类。
oa00000016,房地产多个热门板块的成交涨幅较前几月有所放缓，但是改善型置业入市积极性下降，拖累广州整个二手房市成交下滑。,房地产多个热门板块的成交涨幅较前几月有所放缓，但是改善型置业入市积极性下降，拖累广州整个二手房市成交下滑。
oa00000017,几年前，我终于有机会到了向往已久并且充满梦幻色彩的阿佤山考察沧源崖画。,几年前，我终于有机会到了向往已久并且充满梦幻色彩的阿佤山考察沧源崖画。
oa00000018,王英汉被枪毙后部分余孽深藏起来，几次围捕均未抓获。,王英汉被枪毙后部分余孽深藏起来，几次围捕均未抓获。
oa00000019,此榜单的目的不是告诉世人这些暴点会永远消失，而是要告诉人们它们已非住日，旅游胜地亟待保护，人们的行为需要矫正。,此榜单的目的不是告诉世人这些景点会永远消失，而是要告诉人们它们已非往日，旅游胜地亟待保护，人们的行为需要矫正。
oa00000020,这里盛产的莲藕，生食减，炒食脆，炖食粉，筒粗皮薄节长，肉嫩味鲜，营养丰富。,这里盛产的莲藕，生食甜，炒食脆，炖食粉，筒粗皮薄节长，肉嫩味鲜，营养丰富。
oa00000021,信贷专家徐瑾在报告中指出，以目前房贷市场形势来看，银行执行七折房贷概率较小，八折利率还附加诸多苛刻条件，利率九折已是较大优惠。,信贷专家徐瑾在报告中指出，以目前房贷市场形势来看，银行执行七折房贷概率较小，八折利率还附加诸多苛刻条件，利率九折已是较大优惠。
oa00000022,郭增堂已经五十开外的年纪了，又很瘦，可是他的身板，却跟钢打铁铸一般，有着使不完的力气。,郭增堂已经五十开外的年纪了，又很瘦，可是他的身板，却跟钢打铁铸一般，有着使不完的力气。
oa00000023,这次我们发现这么多新的鱼类和蛙类，真是令人兴奋。,这次我们发现这么多新的鱼类和蛙类，真是令人兴奋。
oa00000024,这时正有一缕透明的轻烟似的云从船艄掠过桅杆，船尾画着一条长长的水纹，水纹就是这只船的踪迹，但这踪迹也不会卡远的。,这时正有一缕透明的轻烟似的云从船艄掠过桅杆，船尾画着一条长长的水纹，水纹就是这只船的踪迹，但这踪迹也不会长远的。
oa00000025,少吃辛辣湿热食物，如烟、酒、浓茶、咖啡、辣椒等，丢使痤疮加重或复发，应忌食。,少吃辛辣湿热食物，如烟、酒、浓茶、咖啡、辣椒等，会使痤疮加重或复发，应忌食。
oa00000026,由人民论坛杂志社和人民网时政频道联合进行的“党政干部阅读习惯”网络调查进日公布结果。,由人民论坛杂志社和人民网时政频道联合进行的“党政干部阅读习惯”网络调查近日公布结果。
oa00000027,日本固仅否认侵略战争而且还进而宣扬侵略有理论、侵略有功论。,日本不仅否认侵略战争而且还进而宣扬侵略有理论、侵略有功论。
oa00000028,职工们爱厂爱岗爱产品心往一处想，劲儿往一处使。,职工们爱厂爱岗爱产品心往一处想，劲儿往一处使。
oa00000029,袁世凯一面随机应交，发号施会，准备举兵。,袁世凯一面随机应变，发号施令，准备举兵。
oa00000030,昔日的高家村七百口人，仅光棍汉就有二百多户，穷得连个称盐打油的情也没有。,昔日的高家村七百口人，仅光棍汉就有二百多户，穷得连个称盐打油的钱也没有。
oa00000031,由于检测早孕因子可以确诊超早孕需做人工流产的孕妇可免受手术之苦。,由于检测早孕因子可以确诊超早孕需做人工流产的孕妇可免受手术之苦。
oa00000032,有关赵高的身世，两千年来了解甚少而曲解甚多，不实的虎见一直延读到今天。,有关赵高的身世，两千年来了解甚少而曲解甚多，不实的成见一直延续到今天。
oa00000033,一个和谐的汽车社会绝不能息视儿童的交通安全。而目前的国情是，我们在驾驶员安全教育、儿童安全教育、法律法规保障力度、社会风气等方面存在的漏洞太多。,一个和谐的汽车社会绝不能忽视儿童的交通安全。而目前的国情是，我们在驾驶员安全教育、儿童安全教育、法律法规保障力度、社会风气等方面存在的漏洞太多。
oa00000034,去年八月八日，一群初中学生在该州亨德森县游玩时抓住二十二只青蛙，其中十一只后腿严重畸形。,去年八月八日，一群初中学生在该州亨德森县游玩时抓住二十二只青蛙，其中十一只后腿严重畸形。
oa00000035,1946年秋，英雄的民兵用它浮水液过汹涌澎湃的黄河，到对岸捣毁了三架板军的飞机。,1946年秋，英雄的民兵用它浮水渡过汹涌澎湃的黄河，到对岸捣毁了三架敌军的飞机。
oa00000036,各地、各部门和高等学校要严格执行报经教育部汇总备案并分送各省的招生来源计划，严禁省级招办为争取调整计划随意收宽录取政策或降底分数要求。,各地、各部门和高等学校要严格执行报经教育部汇总备案并分送各省的招生来源计划，严禁省级招办为争取调整计划随意放宽录取政策或降低分数要求。
oa00000037,这些年来，人物传记、回忆录，以及面对不周读者的史学著作和通俗历史读物，出版空前繁荣。,这些年来，人物传记、回忆录，以及面对不同读者的史学著作和通俗历史读物，出版空前繁荣。
oa00000038,工人一按开关电动螺丝刀就嗡嗡地响了起来，嗡地一声螺帽就按设计的力拧紧了。,工人一按开关电动螺丝刀就嗡嗡地响了起来，嗡地一声螺帽就按设计的力拧紧了。
oa00000039,老叔是老饲养员了，外号老抽条，牲口喂的风一吹就倒。二倔子眼珠也瞪围了，毫不示弱地盯着他老叔。,老叔是老饲养员了，外号老抽条，牲口喂的风一吹就倒。二倔子眼珠也瞪圆了，毫不示弱地盯着他老叔。
oa00000040,2006年8月，国际天文学联合会大会正式通过决设，将冥王星降级，与其他类似的一些星体统一定义为“矮行星”。,2006年8月，国际天文学联合会大会正式通过决议，将冥王星降级，与其他类似的一些星体统一定义为“矮行星”。
oa00000041,这支部落从1227年成吉思汗病逝至今，一直忠心耿耿地守护着他的坟冢，并世世代代为成吉思汗守孝。,这支部落从1227年成吉思汗病逝至今，一直忠心耿耿地守护着他的坟冢，并世世代代为成吉思汗守孝。
oa00000042,每人持两朵大黄花，飞舞似风吹花圃，静立若菊园吐香。,每人持两朵大黄花，飞舞似风吹花圃，静立若菊园吐香。
oa00000043,库房的弹药垛却越垒越高了。,库房的弹药垛却越垒越高了。
oa00000044,“詹姆斯·韦布”太空望远镜由美国诺思罗普―格鲁曼公司制造，其中包含10项新科技。它有一个红外线照相机，以及一架保持在极低温度下运行的光谱仪。太空望远镜的预计寿命为10年。,“詹姆斯·韦布”太空望远镜由美国诺思罗普―格鲁曼公司制造，其中包含10项新科技。它有一个红外线照相机，以及一架保持在极低温度下运行的光谱仪。太空望远镜的预计寿命为10年。
oa00000045,近日，我县南河电站库区鱼类大量死亡，原因是尚有保康县排放的工业废水大量流入水库。,近日，我县南河电站库区鱼类大量死亡，原因是上游保康县排放的工业废水大量流入水库。
oa00000046,新形势新任务新环境，需要推进我军现代化建设又好又快的向前发展。这是关手我军长远建设、具有时代意义的战略选体。武器装备发展是我军建设的基础，首当其冲，在复合发底中加快步伐。,新形势新任务新环境，需要推进我军现代化建设又好又快的向前发展。这是关乎我军长远建设、具有时代意义的战略选择。武器装备发展是我军建设的基础，首当其冲，在复合发展中加快步伐。
oa00000047,保监会财产保险监管部主任郭左践今年5月22日在媒体座谈会上表示，预计于9月向社会公布上年度交强险业务盈亏情况。,保监会财产保险监管部主任郭左践今年5月22日在媒体座谈会上表示，预计于9月向社会公布上年度交强险业务盈亏情况。
oa00000048,我们家有台旧音响坏了以后我妈让我修，被我越修越不成样子她就不往回要了。,我们家有台旧音响坏了以后我妈让我修，被我越修越不成样子她就不往回要了。
oa00000049,告诉大家，我们银花植棉组要在十关内拿下它！,告诉大家，我们银花植棉组要在十天内拿下它！
oa00000050,他一定以为我不记得了，我所有的表现都让他以为我不会记得，但是我偏偏忘不了。,他一定以为我不记得了，我所有的表现都让他以为我不会记得，但是我偏偏忘不了。
oa00000051,我们在这里特别对秦福荃先生的《博古与潘汉年关系的背后》一又提出质疑，文中对博古、潘汉年这两位受到人们尊敬的同志的不实描写，实在太不公平、太出恪了。,我们在这里特别对秦福荃先生的《博古与潘汉年关系的背后》一文提出质疑，文中对博古、潘汉年这两位受到人们尊敬的同志的不实描写，实在太不公平、太出格了。
oa00000052,这将是全国七折房贷利率的开端，而天津提供优惠利率的研行数量也翻了一番。,这将是全国七折房贷利率的开端，而天津提供优惠利率的银行数量也翻了一番。
oa00000053,苏州本地的庙观就很多，定慧寺，玄妙观桃花庵，还有那令历代文人牵肠挂肚的寒山寺。,苏州本地的庙观就很多，定慧寺，玄妙观桃花庵，还有那令历代文人牵肠挂肚的寒山寺。
oa00000054,警察体育五项比赛分别为跳远，铅球，游泳，射击和越野好。,警察体育五项比赛分别为跳远，铅球，游泳，射击和越野跑。
oa00000055,素云伤心的躲在墙旮旯行业内，哭过了仍装作没事一样去给婆婆送吃的。,素云伤心地躲在墙旮旯淌眼泪，哭过了仍装作没事一样去给婆婆送吃的。
oa00000056,原槐镇粮管所所长郝小伍等人捏造了吴有贪污受贿，玩忽职守等十四条罪状。,原槐镇粮管所所长郝小伍等人捏造了吴有贪污受贿，玩忽职守等十四条罪状。
oa00000057,村里的老年人端然肃然地纠正着外乡人的发音，过后还边摇头边感叹说外乡人就是笨。,村里的老年人端然肃然地纠正着外乡人的发音，过后还边摇头边感叹说外乡人就是笨。
oa00000058,帐篷安好后四周还要用绳子拴住，用雪压实，既防风吹又可防止雪浸入帐篷内。,帐篷安好后四周还要用绳子拴住，用雪压实，既防风吹又可防止雪浸入帐篷内。
oa00000059,他们精心地维护着大科，用来照明取暖、烧烤食物、吓跑野兽。,他们精心地维护着火种，用来照明取暖、烧烤食物、吓跑野兽。
oa00000060,正月初二，照老规矩是女儿偕姑爷回娘家的日子，也是老泰山最惬意的时候。,正月初二，照老规矩是女儿携姑爷回娘家的日子，也是老泰山最惬意的时候。
oa00000061,事实证明，美军正在大张旗鼓地强化网络战能力，不仅成立了网络战联合司令部，而助努力打造自己的“黑容部队”。,事实证明，美军正在大张旗鼓地强化网络战能力，不仅成立了网络战联合司令部，而且努力打造自己的“黑客部队”。
oa00000062,他们按地区把产检供应给缫丝厂，缫丝厂对皆织绸厂，织绸厂对接印染厂。,他们按地区把蚕茧供应给缫丝厂，缫丝厂对接织绸厂，织绸厂对接印染厂。
oa00000063,入市积极性明显提升的首次置业人士对单价三万元的二手房承接力不降反射。,入市积极性明显提升的首次置业人士对单价三万元的二手房承接力不降反升。
oa00000064,互联网金融称借而入，各类理财产品遍地开花，互联网金融真能救市吗？,互联网金融趁机而入，各类理财产品遍地开花，互联网金融真能救市吗？
oa00000065,但是他宁愿让自己和妻子儿女吃糠咽菜，也不让王世云老人吃苦。,但是他宁愿让自己和妻子儿女吃糠咽菜，也不让王世云老人吃苦。
oa00000066,水兵和考察队员们，冒着严寒跳进没腰深的海水里抢锤打杠，固定码头钢架，一天下来，腰酸臂疼，吃饭时手都发抖，筷子常常掉在地上。一坐土交通艇就会鼻声大作。,水兵和考察队员们，冒着严寒跳进没腰深的海水里抢锤打桩，固定码头钢架，一天下来，腰酸臂疼，吃饭时手都发抖，筷子常常掉在地上。一坐上交通艇就会鼾声大作。
oa00000067,也许牛顿知道一些我们所不了解的事，他才会认为2060年是世界末日的时刻。,也许牛顿知道一些我们所不了解的事，他才会认为2060年是世界末日的时刻。
oa00000068,绿地金服将围绕房地产全产业链投融资市场，形成可复制的多层次液污模式。,绿地金服将围绕房地产全产业链投融资市场，形成可复制的多层次业务模式。
oa00000069,老家亲戚也纷纷向他打听，不动产登记后房价会不会大跌？不动产登记完是不是就要收房产税了？,老家亲戚也纷纷向他打听，不动产登记后房价会不会大跌？不动产登记完是不是就要收房产税了？
oa00000070,政府首先需引导市场预期，稳定住房消费，为市场发挥决定性的调节作用创造环境，发挥房地产对经济增长的促进作用。,政府首先需引导市场预期，稳定住房消费，为市场发挥决定性的调节作用创造环境，发挥房地产对经济增长的促进作用。
oa00000071,著名史学家、今已85岁高龄的史式教授多年来一直从事探讨中华文化、批判皇帝制度、重写中华古史的工作。,著名史学家、今已85岁高龄的史式教授多年来一直从事探讨中华文化、批判皇帝制度、重写中华古史的工作。
oa00000072,当我病愈去医院看望您时，您这个年长者却躺在病床上紧紧拉着我的手，殷殷嘱我保重。,当我病愈去医院看望您时，您这个年长者却躺在病床上紧紧拉着我的手，殷殷嘱我保重。
oa00000073,我们因为信佛而念佛，因为念佛，而定能得到致毁，因此我们念佛的习惯是好习惯。,我们因为信佛而念佛，因为念佛，而定能得到智慧，因此我们念佛的习惯是好习惯。
oa00000074,像这种严正不奇，秉乎中道而见义勇为的君子，如今世上又能见得着几人?,像这种严正不奇，秉乎中道而见义勇为的君子，如今世上又能见得着几人?
oa00000075,近几天，关于英语考试和汉语教学的两则新闻权为引入注目。,近几天，关于英语考试和汉语教学的两则新闻极为引人注目。
oa00000076,负责这项“牛顿的秘密手稿展”的希伯来大学哲学教授班梅纳潜表示，牛顿的手稿被放在纸箱多年，到二十一世纪，有许勿人对牛顿的解释有兴趣。,负责这项“牛顿的秘密手稿展”的希伯来大学哲学教授班梅纳潜表示，牛顿的手稿被放在纸箱多年，到二十一世纪，有许多人对牛顿的解释有兴趣。
oa00000077,公元前二零六年，秦朝灭亡后项羽自立为西楚霸王，封刘邦为汉王。,公元前二零六年，秦朝灭亡后项羽自立为西楚霸王，封刘邦为汉王。
oa00000078,席间读到马英九最近的铁马行，王金平说，像铁马行这样的选战打法，非崇危险。,席间谈到马英九最近的铁马行，王金平说，像铁马行这样的选战打法，非常危险。
oa00000079,携巨款潜逃国外的重大诈骗犯吴加升六月九日被中国公安人员从新加坡押解回国。,携巨款潜逃国外的重大诈骗犯吴加升六月九日被中国公安人员从新加坡押解回国。
oa00000080,袁世凯一向支持保守派，排斥开化派，政变的消息使他颇为激励，极力主张用武力支持保守派复辟。,袁世凯一向支持保守派，排斥开化派，政变的消息使他颇为激动，极力主张用武力支持保守派复辟。
oa00000081,按节约电力计算，到二零零零年可减少二氧化硫排放二十万吨，二氧化碳排放七百四十万吨。,按节约电力计算，到二零零零年可减少二氧化硫排放二十万吨，二氧化碳排放七百四十万吨。
oa00000082,摄制组全体人员以英雄扫雷队为榜样，在雷区顽强拼搏日夜奋战。,摄制组全体人员以英雄扫雷队为榜样，在雷区顽强拼搏日夜奋战。
oa00000083,新华社沈阳一月二十三日电辽宁省沈阳市为教育募捐大型义演活动一月二十一日拉开帷幕。,新华社沈阳一月二十三日电辽宁省沈阳市为教育募捐大型义演活动一月二十一日拉开帷幕。
oa00000084,此后100多年，尽管人们多次找寻，不仅没发现活的植株，就连标本和文字也再没有新的记录。,此后100多年，尽管人们多次找寻，不仅没发现活的植株，就连标本和文字也再没有新的记录。
oa00000085,建筑业是东阳的传统优势，卢宅肃雍堂是明代民宅的典范，现为国家重点文物保护单位。,建筑业是东阳的传统优势，卢宅肃雍堂是明代民宅的典范，现为国家重点文物保护单位。
oa00000086,乌拉特后旗境内两条并列且走向相似的汉外长城，是中国目前已发现的最北部的长城。,乌拉特后旗境内两条并列且走向相似的汉外长城，是中国目前已发现的最北部的长城。
oa00000087,某些厂家为获取高额利润，仿制假冒优质品坑害消费者，影响了农民的购买欲望。,某些厂家为获取高额利润，仿制假冒优质品坑害消费者，影响了农民的购买欲望。
oa00000088,当思想颇为开放的中年村长王有双领我来到王军霞家的时候，我震了一下。,当思想颇为开放的中年村长王有双领我来到王军霞家的时候，我怔了一下。
oa00000089,蝎子一旦遇到猎物，立即用脚钱住，转用为次注射一针将猎物毒死。,蝎子一旦遇到猎物，立即用脚钳住，转用尾刺注射一针将猎物毒死。
oa00000090,中日合作研究保护莫高窟第五期合作首年度项目报告会日前在敦煌举行，在过去一年的合作中，双方首次将碳14测年、铅同位素分析等先进科技手段应用于敦煌莫高窟的石窟考古和壁画颜料分析。,中日合作研究保护莫高窟第五期合作首年度项目报告会日前在敦煌举行，在过去一年的合作中，双方首次将碳14测年、铅同位素分析等先进科技手段应用于敦煌莫高窟的石窟考古和壁画颜料分析。
oa00000091,新中国成立后，政府成立了成吉思汗随管理局，达尔扈特人有了云取，专司成吉思汗陵的供奉与祭祀。,新中国成立后，政府成立了成吉思汗陵管理局，达尔扈特人有了公职，专司成吉思汗陵的供奉与祭祀。
oa00000092,马锐看了一眼又躺下了，只留下一个光洁粉红，上为因脚气的骚扰而糜烂蜕皮的脚丫。,马锐看了一眼又躺下了，只留下一个光洁粉红，尚未因脚气的骚扰而糜烂蜕皮的脚丫。
oa00000093,温总理将出席非洲开发银行集团理事会年会开幕式。,温总理将出席非洲开发银行集团理事会年会开幕式。
oa00000094,两位打工妹浴血勇斗四歹徒的事迹在苏州传开后，各界人士和群众纷纷前往医院慰问英雄。,两位打工妹浴血勇斗四歹徒的事迹在苏州传开后，各界人士和群众纷纷前往医院慰问英雄。
oa00000095,据向巴平措介绍，西藏的自然风光私凡土人情对中外旅游者具有很大的吸引力。,据向巴平措介绍，西藏的自然风光和风土人情对中外旅游者具有很大的吸引力。
oa00000096,这一场已得到了初试临常医学的二十八位中国工程院院士、中国科学院院士的签名赞同。,这一倡议得到了从事临床医学的二十八位中国工程院院士、中国科学院院士的签名赞同。
oa00000097,青草又松又软，歪歪曲曲地追随着道路向远处延伸。,青草又松又软，歪歪曲曲地追随着道路向远处延伸。
oa00000098,村里的地后来改钟红薯。,村里的地后来改种红薯。
oa00000099,绿是阳春烟景大块文章的底色，四月的林峦更是绿得鲜活秀媚诗意昂然。,绿是阳春烟景大块文章的底色，四月的林峦更是绿得鲜活秀媚诗意盎然。
oa00000100,价格在三万元的二手房购房个案当中，仅有百分之四的房源由改善型换房买家购入。,价格在三万元的二手房购房个案当中，仅有百分之四的房源由改善型换房买家购入。
oa00000101,欧阳修与唐代的韩愈一样，认为内容对文章起决定作用，内容又通过文章来表现。,欧阳修与唐代的韩愈一样，认为内容对文章起决定作用，内容又通过文章来表现。
oa00000102,她还去看整容医生把鼻子也改变了结果，却认为自己比整容以前更丑，所以很奥萨。,她还去看整容医生把鼻子也改变了结果，却认为自己比整容以前更丑，所以很懊丧。
oa00000103,要知道急性心肌梗塞是必须住院治疗的，到医院越早越好，越玩死亡率越高。,要知道急性心肌梗塞是必须住院治疗的，到医院越早越好，越晚死亡率越高。
oa00000104,基于在线上金融的布局，万达首先开始了人员结构的调整，王健林的金融班底在最新亮相的年终跪地上出现。,基于在线上金融的布局，万达首先开始了人员结构的调整，王健林的金融班底在最新亮相的年终会议上出现。
oa00000105,指导员刘文阁乘机上前将歹徒抱住，王雁栋一下子抓住歹徒匕首的右臂，两人合力将歹徒摔倒在地上。,指导员刘文阁乘机上前将歹徒抱住，王雁栋一下子抓住歹徒匕首的右臂，两人合力将歹徒摔倒在地上。
oa00000106,这片种植区的种子是大同糖厂发售的，又订了合同为菜农服务也是大同糖厂做的。,这片种植区的种子是大同糖厂发售的，又订了合同为菜农服务也是大同糖厂做的。
oa00000107,基诺族的难子穿白色无领棉布上衣，衣背后绣有袁心彩色光芒图案，夏穿棉裤白裤。,基诺族的男子穿白色无领棉布上衣，衣背后绣有圆形彩色光芒图案，下穿棉布白裤。
oa00000108,除此之外，蹦蹦球，健身手铃和核心家庭小篮球的锻炼方法编导工作已将完成。,除此之外，蹦蹦球，健身手铃和核心家庭小篮球的锻炼方法编导工作已将完成。
oa00000109,一望无边的草原上，遍布着密密麻麻的旱獭洞，撕咬嬉闹的旱獭比兔子还大，它们控的洞穴一个连一个，深不见底，大如脸盆。,一望无边的草原上，遍布着密密麻麻的旱獭洞，撕咬嬉闹的旱獭比兔子还大，它们挖的洞穴一个连一个，深不见底，大如脸盆。
oa00000110,从那古旧的，忧郁的世界走出果，到这海中心，看到这干净无尖的世界，我的生命又像初生了一样。,从那古旧的，忧郁的世界走出来，到这海中心，看到这干净无尘的世界，我的生命又像初生了一样。
oa00000111,央行最新数据显示，5月份居民存款减少2784亿元，同比多减2959亿元，创居民户存款月度最大降幅。,央行最新数据显示，5月份居民存款减少2784亿元，同比多减2959亿元，创居民户存款月度最大降幅。
oa00000112,我曾遇到因为肤色所引起的怪事，也曾多次发现到自己身处种族问题的真理当中。,我曾遇到因为肤色所引起的怪事，也曾多次发现到自己身处种族问题的争议当中。
oa00000113,毛囊内的痤疮丙酸杆菌则大量繁殖，并将皮脂分解为游离脂酸，刺激毛囊而引起的炎症。,毛囊内的痤疮丙酸杆菌则大量繁殖，并将皮脂分解为游离脂酸，刺激毛囊而引起的炎症。
oa00000114,专家认为，这一生态湿地气象站建成后，将有助于深入了解分析扎龙湿地的天气变化规律，并对丹顶鹤的保护有积极意义。,专家认为，这一生态湿地气象站建成后，将有助于深入了解分析扎龙湿地的天气变化规律，并对丹顶鹤的保护有积极意义。
oa00000115,昨天，一代天骄成吉思汗的直系后裔包丽英的历史小说《蒙古帝国》三都曲出版。,昨天，一代天骄成吉思汗的直系后裔包丽英的历史小说《蒙古帝国》三部曲出版。
oa00000116,位于黑龙江省齐齐哈尔市境内的扎龙自然保护区是天然的物种基因库，于1992年列入《国际重要湿地名录》。,位于黑龙江省齐齐哈尔市境内的扎龙自然保护区是天然的物种基因库，于1992年列入《国际重要湿地名录》。
oa00000117,中国科技部部长万钢是35年来第一个出任国务院组成部门正职的非中共党员的人士。,中国科技部部长万钢是35年来第一个出任国务院组成部门正职的非中共党员的人士。
oa00000118,为了减轻教皮细胞脱落与角比，痤疮患者应多吃一些含高含锌和维生素A、胡萝卜等食场。,为了减轻表皮细胞脱落与角化，痤疮患者应多吃一些含高含锌和维生素A、胡萝卜等食物。
oa00000119,寝园位于河南永城县芒砀山汉梁王陵区，由河南省文物研究所等单位发掘。,寝园位于河南永城县芒砀山汉梁王陵区，由河南省文物研究所等单位发掘。
oa00000120,赵高是沙丘之谋的主谋，也是未来毁灭秦帝国的主要人物。,赵高是沙丘之谋的主谋，也是未来毁灭秦帝国的主要人物。
oa00000121,电景《罗森斯塔塞》就是一部反映反省黑暗年代的佳作。,电影《罗森斯塔塞》就是一部反映反省黑暗年代的佳作。
oa00000122,将来回想起来，这一段云雨巫山的运势也不过似云天霞影，空留残红点缀心头罢了。,将来回想起来，这一段云雨巫山的韵事也不过似云天霞影，空留残红点缀心头罢了。
oa00000123,太阳温和的晒在甲板上，我拖一张帆布椅靠栏杆坐下，身上轻松得像一片羽毛，可以趁风飞到秋天的空中。,太阳温和的晒在甲板上，我拖一张帆布椅靠栏杆坐下，身上轻松得像一片羽毛，可以趁风飞到秋天的空中。
oa00000124,世界经济论坛是一个非官右的国际组织，总部设在瑞士日内瓦。,世界经济论坛是一个非官方的国际组织，总部设在瑞士日内瓦。
oa00000125,她轻如耳语地问他是否有空，能不能屈尊陪她上街买些枇杷，外面黑，她怕遇上歹人,她轻如耳语地问他是否有空，能不能屈尊陪她上街买些枇杷，外面黑，她怕遇上歹人
oa00000126,竟至有人在货车后写上那三个字来昌充，吃了一场官司！,竟至有人在货车后写上那三个字来冒充，吃了一场官司！
oa00000127,看楼超过三个月的刚需旧客户入市意愿仍较强，不过，小罗在看了房算了账之后还是放弃满露计划。,看楼超过三个月的刚需旧客户入市意愿仍较强，不过，小罗在看了房算了账之后还是放弃买楼计划。
oa00000128,冷却时，包含在其内部的磁矿会记地球磁场的方向和强度，并将其封闭住。,冷却时，包含在其内部的磁矿会记地球磁场的方向和强度，并将其封闭住。
oa00000129,外面的空气寒冷而又湿润，雨水中果然夹杂着点点雪花，纷纷落落，飘飘扬扬，随风而下。,外面的空气寒冷而又湿润，雨水中果然夹杂着点点雪花，纷纷落落，飘飘扬扬，随风而下。
oa00000130,共计放贷一万里，金额达九点七亿元，平均每笔贷款约一万元，小额分散的特征尽显。,共计放贷一万笔，金额达九点七亿元，平均每笔贷款约一万元，小额分散的特征尽显。
oa00000131,叫往车窗外，“用您的理解和我们的双手共建通向奥运的东三环”标语映入眼帘。,眺望车窗外，“用您的理解和我们的双手共建通向奥运的东三环”标语映入眼帘。
oa00000132,据市交通委相关负责人介绍，北京站站前街地区受整体道路条什所限，存在交通基础设施不足等句题，影响居民和来京旅容的出行。,据市交通委相关负责人介绍，北京站站前街地区受整体道路条件所限，存在交通基础设施不足等问题，影响居民和来京旅客的出行。
oa00000133,根据以色列《国家报》报道，牛顿在十七世纪中是最知名的科学家和数学家之一，他同时也是一位非常虔诚的基督徒。,根据以色列《国家报》报道，牛顿在十七世纪中是最知名的科学家和数学家之一，他同时也是一位非常虔诚的基督徒。
oa00000134,拍卖单位应当在赃物拍卖完毕五天内将赃物拍卖款移送委托单位，上交同级国库。,拍卖单位应当在赃物拍卖完毕五天内将赃物拍卖款移送委托单位，上交同级国库。
oa00000135,宽过规整的庙前区广场，清澈如镜的印池，古朴壮观的轩辕桥在一面面黄龙旗应慎下显得分外雄伟庄严。,宽阔规整的庙前区广场，清澈如镜的印池，古朴壮观的轩辕桥在一面面黄龙旗映衬下显得分外雄伟庄严。
oa00000136,战争和贫穷，暴力和罪恶仍在肆虐，有的甚至以宗数的名义进行。,战争和贫穷，暴力和罪恶仍在肆虐，有的甚至以宗教的名义进行。
oa00000137,他们又派一队人登上岸，去弯着弓弩箭头朝准小船，不让船里的人能有一个逃上岸去。,他们又派一队人登上岸，去弯着弓弩箭头朝准小船，不让船里的人能有一个逃上岸去。
oa00000138,如果循此线索加以探讨，可以发现不少过去被有意掩盖了的历史真相。,如果循此线索加以探讨，可以发现不少过去被有意掩盖了的历史真相。
oa00000139,商减人员随机开箱抽样检验发现十五片中有十二片为劣质板。,商检人员随机开箱抽样检验发现十五片中有十二片为劣质板。
oa00000140,2007年高校权生录取工作即怜陆续展开，教育部有关负责人19日强调，有关部行和学校要严格执行招生计划和录取标准，严禁利用调整计划“做文章”。,2007年高校招生录取工作即将陆续展开，教育部有关负责人19日强调，有关部门和学校要严格执行招生计划和录取标准，严禁利用调整计划“做文章”。
oa00000141,都用草帽或胳膊肘护着碗，列列切切穿过烂泥塘般的院子跑回自己的宿舍去了。,都用草帽或胳膊肘护着碗，趔趔趄趄穿过烂泥塘般的院子跑回自己的宿舍去了。
oa00000142,设计部门根据节假日最大客流、无障碍设施等综合因素细化了站东街人行过街天桥设计方案。,设计部门根据节假日最大客流、无障碍设施等综合因素细化了站东街人行过街天桥设计方案。
oa00000143,赵高是第一流的书法家、文字学家，也是情通法律的人才。他体魄高大强兆，骑术精湛，武艺非同寻常，是秦帝国宫廷中不可多得的文武双全的人才。,赵高是第一流的书法家、文字学家，也是精通法律的人才。他体魄高大强壮，骑术精湛，武艺非同寻常，是秦帝国宫廷中不可多得的文武双全的人才。
oa00000144,他们的骨量低，而且骨丢失的速度更快。这种骨丢失可能就是酒粒对骨作用的直接后果。配酒也增加了跌倒的机会，更容易骨诉。,他们的骨量低，而且骨丢失的速度更快。这种骨丢失可能就是酒精对骨作用的直接后果。酗酒也增加了跌倒的机会，更容易骨折。
oa00000145,特别是2006年7月1日青藏铁路的开通，极大地改善了进出藏的交通条件，为西藏旅游业的快速发展提供了浪好的外部条件。2006年，西藏共接待国内外游客251万人次，其中，接侍海外旅游人数15万人次。,特别是2006年7月1日青藏铁路的开通，极大地改善了进出藏的交通条件，为西藏旅游业的快速发展提供了良好的外部条件。2006年，西藏共接待国内外游客251万人次，其中，接待海外旅游人数15万人次。
oa00000146,至于厅堂或者楼台，只能旁观不可把玩，给人以渐稳凝重，气宇轩昂的震撼力。,置于厅堂或者楼台，只能旁观不可把玩，给人以坚稳凝重，气宇轩昂的震撼力。
oa00000147,柳倩等著名书画家应邀前往幼儿园，与艺术班的儿童们同桌挥毫泼墨，传说技艺。,柳倩等著名书画家应邀前往幼儿园，与艺术班的儿童们同桌挥毫泼墨，传授技艺。
oa00000148,发射约二十分钟后，飞行样机打开降落伞，降落在北纬二十八度五十一分，东经一百四十三度四十分的太平洋海面上。,发射约二十分钟后，飞行样机打开降落伞，降落在北纬二十八度五十一分，东经一百四十三度四十分的太平洋海面上。
oa00000149,柳宗夏现年六十岁，五十年代进入韩外务部工作，一九九四年十二月任外交安保首席秘书。,柳宗夏现年六十岁，五十年代进入韩外务部工作，一九九四年十二月任外交安保首席秘书。
oa00000150,春天，我和小伙伴摘下些硬生柿子，在埝畔上挖开炉子，用柴禾烧着吃，一个个都吃得成了黑嘴巴，涩得直嘴牙根儿。,春天，我和小伙伴摘下些硬生柿子，在埝畔上挖开炉子，用柴禾烧着吃，一个个都吃得成了黑嘴巴，涩得直嚼牙根儿。
oa00000151,去年底有关上海即将放松限购政策的传言，让市场对一线城市全面退出限购令产生期待，今年一线城市放松限购的可能性是存在的，全面取消的可能性不大。,去年底有关上海即将放松限购政策的传言，让市场对一线城市全面退出限购令产生期待，今年一线城市放松限购的可能性是存在的，全面取消的可能性不大。
oa00000152,央行连续降息降准以及营业税免征期五年改两年等楼市利好政策频出，降低了购房者的买房成本与贷款难度，刺激了改善型需求入市。,央行连续降息降准以及营业税免征期五年改两年等楼市利好政策频出，降低了购房者的买房成本与贷款难度，刺激了改善型需求入市。
oa00000153,因为表现性，绘画往往一形象隐喻而阻塞我们对某件作品的深度认识。,因为表现性，绘画往往因形象隐喻而阻塞我们对某件作品的深度认识。
oa00000154,它能探知因烟雾，火焰障碍而无法用肉眼观察到的物体情况。,它能探知因烟雾，火焰障碍而无法用肉眼观察到的物体情况。
oa00000155,日本三得利公司日前宣布开发出一种利用植物净化水质的新方法，这一办法就是改造蓝翅蝴草基因，大量地吸收水中的磷。,日本三得利公司日前宣布开发出一种利用植物净化水质的新方法，这一办法就是改造蓝翅蝴草基因，大量地吸收水中的磷。
oa00000156,据了屏，戴克集团目前在中国有四个子公司，号外还有三个合资项目。,据了解，戴克集团目前在中国有四个子公司，另外还有三个合资项目。
oa00000157,与此同时、商业、信息业、咨询业、旅游业、广告业等也有较大的发展。,与此同时、商业、信息业、咨询业、旅游业、广告业等也有较大的发展。
oa00000158,在股市大幅震荡的环境下预计第三季度将陆续有部分股市资金城规楼市，但下半年的楼市能是否能回到快速上升通道依然存在变数。,在股市大幅震荡的环境下预计第三季度将陆续有部分股市资金重归楼市，但下半年的楼市能是否能回到快速上升通道依然存在变数。
oa00000159,许玉霞，王媛，崔颖和刘东在下午的女子一千五百米预赛后都汗流满面，但总算提示决赛。,许玉霞，王媛，崔颖和刘东在下午的女子一千五百米预赛后都汗流满面，但总算跻身决赛。
oa00000160,它将于2013年搂替退你的哈勃望远镜，帮助科学家观察宇宙诞生后形成首批星系。,它将于2013年接替退休的哈勃望远镜，帮助科学家观察宇宙诞生后形成首批星系。
oa00000161,南沙得益于自贸区挂牌的利好，各类物业成交量均上升，无论是开发商或是购房者都对南沙市未来的发展抱着极大的期望。,南沙得益于自贸区挂牌的利好，各类物业成交量均上升，无论是开发商或是购房者都对南沙市未来的发展抱着极大的期望。
oa00000162,其形状如狼牙交错，当地百姓叫它狼牙坝，音孔不多怪，又称它魔鬼谷。,其形状如狼牙交错，当地百姓叫它狼牙坝，因恐怖多怪，又称它魔鬼谷。
oa00000163,除家用个体餐饮用冰柜外，商业用冷藏冷冻陈列柜等专业用产品，也有相当大的市场。,除家用个体餐饮用冰柜外，商业用冷藏冷冻陈列柜等专业用产品，也有相当大的市场。
oa00000164,那一长溜卖吃食的她方更是热闹。,那一长溜卖吃食的地方更是热闹。
oa00000165,勘探表明它是国内少有的银金共生矿，品位高，易采易选，也是我国首家集采矿，选矿，冶炼为一体的银矿。,勘探表明它是国内少有的银金共生矿，品位高，易采易选，也是我国首家集采矿，选矿，冶炼为一体的银矿。
oa00000166,有时成群结队地捕猎凶猛高大的野兽；有时同木样扒开鼠洞，捕英成窝的小老鼠，也有时两于空空，收获基少，只能忍饥挨饿。,有时成群结队地捕猎凶猛高大的野兽；有时用木棒扒开鼠洞，捕获成窝的小老鼠，也有时两手空空，收获甚少，只能忍饥挨饿。
oa00000167,河南巩县百花彩印厂非法印刷西安太阳食品集团商标的包装物长达一年之久。,河南巩县百花彩印厂非法印刷西安太阳食品集团商标的包装物长达一年之久。
oa00000168,他们明确提出，既要堵住洪水的决口，又要抓好防疫防病，决不能让没有被洪水吞没的生命被瘟疫夺去。,他们明确提出，既要堵住洪水的决口，又要抓好防疫防病，决不能让没有被洪水吞没的生命被瘟疫夺去。
oa00000169,从宁波买来的比赛用球并有多半是训练用球，弹性和耐久性都难以达到比赛要求。,从宁波买来的比赛用球竟有多半是训练用球，弹性和耐久性都难以达到比赛要求。
oa00000170,国务院林业行政主管部门主管全国林区内野生植物和林区外珍贵野生树木的监督管理工作。,国务院林业行政主管部门主管全国林区内野生植物和林区外珍贵野生树木的监督管理工作。
oa00000171,兰州市环境监理的监控中心的工作人员告诉记者，目前还没有更好的办法控制此类现象的发生，市政管理单位已经着手对黄河边的排洪道进行规划，经过改违后排洪道污水将统一输送到安宁污水厂进行处理。,兰州市环境监理的监控中心的工作人员告诉记者，目前还没有更好的办法控制此类现象的发生，市政管理单位已经着手对黄河边的排洪道进行规划，经过改造后排洪道污水将统一输送到安宁污水厂进行处理。
oa00000172,然而，仓满囤流的花生并没有给农民带来多少喜悦，时下，我县约有五万吨花生膝盖外销。,然而，仓满囤流的花生并没有给农民带来多少喜悦，时下，我县约有五万吨花生亟待外销。
oa00000173,四川美术学院群体阵营好大、风格多样，成为本届艺术博览会的第一大景观。,四川美术学院群体阵营浩大、风格多样，成为本届艺术博览会的第一大景观。
oa00000174,此前，保监会新闻发言人袁力表示，根据实际情况，可能会对基础费率做出调整。,此前，保监会新闻发言人袁力表示，根据实际情况，可能会对基础费率做出调整。
oa00000175,海口市公安局刑珍处于五月十二日将顶风抢劫作案的六名代徒一网打尽，并当场缴获一批赃款赃物。,海口市公安局刑侦处于五月十二日将顶风抢劫作案的六名歹徒一网打尽，并当场缴获一批赃款赃物。
oa00000176,据美国《防务新闻》网站报道，日前，负表亚太事务的美国防部副部长理查德·劳利斯带领美军高级将领参加了美众议院武装部队委员会举行的听证会。,据美国《防务新闻》网站报道，日前，负责亚太事务的美国防部副部长理查德·劳利斯带领美军高级将领参加了美众议院武装部队委员会举行的听证会。
oa00000177,做面的更有趣了，双手拉着柔韧的面条儿，又是甩，又是拽，顷刻间，面条儿变成了一把细长的银丝。,做面的更有趣了，双手拉着柔韧的面条儿，又是甩，又是拽，顷刻间，面条儿变成了一把细长的银丝。
oa00000178,取代的多是赣闽粤名瓷厂生产的薄白瓷小杯，小巧玲珑状如半个乒乓球大小，三个背叠起可含于口而不露。,取代的多是赣闽粤名瓷厂生产的薄白瓷小杯，小巧玲珑状如半个乒乓球大小，三个杯叠起可含于口而不露。
oa00000179,“青春痘”医学上称之为痤疮，是青年男女常见的一种慢性皮肤病。它一般发生在青春发家期。人体的肾上脉和生殖腺产生大量的性激青，促使皮脂分泌旺盛。,“青春痘”医学上称之为痤疮，是青年男女常见的一种慢性皮肤病。它一般发生在青春发育期。人体的肾上腺和生殖腺产生大量的性激素，促使皮脂分泌旺盛。
oa00000180,待夜晚健身，月出于东山，月华擦亮小湖，映入水中的月辉如玉盘。,待夜晚渐深，月出于东山，月华擦亮小湖，映入水中的月辉如玉盘。
oa00000181,如图所示，罗本岛应被宣布为一处世界遗产。,如同所示，罗本岛应被宣布为一处世界遗产。
oa00000182,目前，洞庭湖区乙有234家造纸企业被关闭，洞庭湖水质已经初步好转。,目前，洞庭湖区已有234家造纸企业被关闭，洞庭湖水质已经初步好转。
oa00000183,在省公安厅发现这个问题，并一再向洪永林提出警告时，洪永林仍置若罔闻，变本加厉。,在省公安厅发现这个问题，并一再向洪永林提出警告时，洪永林仍置若罔闻，变本加厉。
oa00000184,暑期将至，又是一个旅游旺季的开始。,暑期将至，又是一个旅游旺季的开始。
oa00000185,中国除个别运动员与外国选手组队参加双打预选赛外，军将直接进入正赛。,中国除个别运动员与外国选手组队参加双打预选赛外，均将直接进入正赛。
oa00000186,全国双拥模范城徐州市相继推出拥军优属特别服务项目，驻军官兵也开展义务便民服务。,全国双拥模范城徐州市相继推出拥军优属特别服务项目，驻军官兵也开展义务便民服务。
oa00000187,绿地在确定转型战略之后，加速进行金融牌照的收购工作，未来绿地地产宝将不仅仅局限于绿地的自有项目，而是要建设成为互联网房地产金融平台。,绿地在确定转型战略之后，加速进行金融牌照的收购工作，未来绿地地产宝将不仅仅局限于绿地的自有项目，而是要建设成为互联网房地产金融平台。
oa00000188,有的人茶叶资料，美缝有转播爱国主义影视片节目时争相观看，完全达到了预期目的。,有的人查阅资料，每逢有转播爱国主义影视片节目时争相观看，完全达到了预期目的。
oa00000189,有人把这种状况概括为大紧，越打越深，泵越换越大，钱越花越多，水越抽越少。,有人把这种状况概括为打井，越打越深，泵越换越大，钱越花越多，水越抽越少。
oa00000190,目前除了医疗人员外，禁止其他任何人出入部落。,目前除了医疗人员外，禁止其他任何人出入部落。
oa00000191,我国特有的“国宝”植物崖柏己被宣布消失了100多年。,我国特有的“国宝”植物崖柏已被宣布消失了100多年。
oa00000192,好容易盼来一位，望望这一片荒芜又种身而去。,好容易盼来一位，望望这一片荒芜又转身而去。
oa00000193,然而面对这桩有准备，有预谋的血案，法医鉴定后确认为死者系跌倒碰撞硬物质死。,然而面对这桩有准备，有预谋的血案，法医鉴定后却认为死者系跌倒碰撞硬物致死。
oa00000194,近日，北方民族大学与上海古籍出版社再次联手推出《法藏敦煌西夏文献》，至此，流失海外的重要民族文献之一的西夏文献已几乎全部回归祖国。,近日，北方民族大学与上海古籍出版社再次联手推出《法藏敦煌西夏文献》，至此，流失海外的重要民族文献之一的西夏文献已几乎全部回归祖国。
oa00000195,据日本《东京新闻》网站22日报道，日本研究人员从十字花科植物拟南芥中选取一些和吸收、蓄积磷密切相关的基因，将其“移植”到蓝翅蝴蝶草中。,据日本《东京新闻》网站22日报道，日本研究人员从十字花科植物拟南芥中选取一些和吸收、蓄积磷密切相关的基因，将其“移植”到蓝翅蝴蝶草中。
oa00000196,新学年伊始，湖北省阳新县希望小学民办教师王月娥滑至崭新的小木船来接学生上学。,新学年伊始，湖北省阳新县希望小学民办教师王月娥划着崭新的小木船来接学生上学。
oa00000197,行业情况是：农业，运书，有电通信业投资增长较快，而能源工业投资增速放慢。,行业情况是：农业，运输，邮电通信业投资增长较快，而能源工业投资增速放慢。
oa00000198,南沙之夜，他望着月色下的波涛，惦记着千里之遥的江淮摘民，彻夜未眠。,南沙之夜，他望着月色下的波涛，惦记着千里之遥的江淮灾民，彻夜未眠。
oa00000199,5月，是新疆天山草场返青、牛羊长膘之时，距离温泉县城30公里的库克它乌草场，是兵团88团最优质的幸场。,5月，是新疆天山草场返青、牛羊长膘之时，距离温泉县城30公里的库克它乌草场，是兵团88团最优质的草场。
oa00000200,万县市的毛巾床单厂，拉丝制钉厂，日化厂等二十四家企业已先后完成了搬迁。,万县市的毛巾床单厂，拉丝制钉厂，日化厂等二十四家企业已先后完成了搬迁。
oa00000201,和你恋爱与和别的人恋爱对于她来说有什么区别？你撇撇嘴恶顿的这样想。,和你恋爱与和别的人恋爱对于她来说有什么区别？你撇撇嘴恶毒地这样想。
oa00000202,傅长江只是本能地伸出右脚，承接五十斤重的钢铸铅灌的弹头。他本能地觉得血肉的脚板比水泥的地面柔软，本能地觉得五十斤重的弹头经过也脚西的缓冲，有可能避免那血肉横飞的惨相。,傅长江只是本能地伸出右脚，承接五十斤重的钢铸铅灌的弹头。他本能地觉得血肉的脚板比水泥的地面柔软，本能地觉得五十斤重的弹头经过他脚面的缓冲，有可能避免那血肉横飞的惨相。
oa00000203,记者近日从齐齐哈尔市气象局获悉，为期5年的中国第一个生态湿地气象站建设已基本完成。,记者近日从齐齐哈尔市气象局获悉，为期5年的中国第一个生态湿地气象站建设已基本完成。
oa00000204,这时候我一点睡意也没有了，紧紧拉着马缰绳，大青马叫便更厉害，我从来没见它像这样胆小，浑身打哆嗦。,这时候我一点睡意也没有了，紧紧拉着马缰绳，大青马叫得更厉害，我从来没见它像这样胆小，浑身打哆嗦。
oa00000205,网友们会在这里过论关于iPad各种千奇百怪的问题，而且讨论的范围和数量远远超过了苹果公司官方网站的害置。,网友们会在这里讨论关于iPad各种千奇百怪的问题，而且讨论的范围和数量远远超过了苹果公司官方网站的容量。
oa00000206,一个数万人的大企业，肯定唐红卧虎，要让能人脱颖而出，为此业发展贡现才华。,一个数万人的大企业，肯定藏龙卧虎，要让能人脱颖而出，为企业发展贡献才华。
oa00000207,她是一株秀美挺拔昂扬的木棉树，因为拥有橡树的爱情和高远的天空，显得格外迷人。,她是一株秀美挺拔昂扬的木棉树，因为拥有橡树的爱情和高远的天空，显得格外迷人。
oa00000208,一九九三年台湾茶饮料销售额达五亿美元，是各类饮料中增幅最快的产品。,一九九三年台湾茶饮料销售额达五亿美元，是各类饮料中增幅最快的产品。
oa00000209,这也回击了那些攻击中医不科学、中医有毒等等种种不实之间。,这也回击了那些攻击中医不科学、中医有毒等等种种不实之词。
oa00000210,由购物导报社与北京雅梦婷装饰公司联合创办的红玫瑰优惠券专利将于七月下旬在京推出。,由购物导报社与北京雅梦婷装饰公司联合创办的红玫瑰优惠券专利将于七月下旬在京推出。
oa00000211,毛振元文学赶来，安慰说：别着急，学校虽穷但就是砸锅卖铁也要为蔡老师制好病。,毛振元闻讯赶来，安慰说：别着急，学校虽穷但就是砸锅卖铁也要为蔡老师治好病。
oa00000212,据了解，崖柏生长于700米至2100米的山上，是世界“活化石”物种之一，生长速度极慢。,据了解，崖柏生长于700米至2100米的山上，是世界“活化石”物种之一，生长速度极慢。
oa00000213,新华社南宁一月二十六日电，铁道运营财务会计通用软件系列在柳州铁路局研制成功。,新华社南宁一月二十六日电，铁道运营财务会计通用软件系列在柳州铁路局研制成功。
oa00000214,有人指出，对诈骗行为应该严厉打击，原货不仅要如数追回，还应追究额外显示赔偿。,有人指出，对诈骗行为应该严厉打击，原货不仅要如数追回，还应追究额外损失赔偿。
oa00000215,和日本的“奥姆真理教”、乌干达的“恢复上帝十诫运动”一样，它在中国造成了1000多人死于非命。,和日本的“奥姆真理教”、乌干达的“恢复上帝十诫运动”一样，它在中国造成了1000多人死于非命。
oa00000216,除了这个养牛场，我还扶持了一百二十个养牛专业户，您刚才看过的李长远和李长江两家就是其中之一。,除了这个养牛场，我还扶持了一百二十个养牛专业户，您刚才看过的李长远和李长江两家就是其中之一。
oa00000217,和两眼发黑双手松软，我只好挂着一档往前蹭，气得跟在我后面的汽车一个劲按喇叭。,可两眼发黑双手松软，我只好挂着一档往前蹭，气得跟在我后面的汽车一个劲按喇叭。
oa00000218,为保证计划调整工作服看进厅，各省级招办应在批次录取开始前，向有关高等校及时提供生源统计情况。,为保证计划调整工作顺利进行，各省级招办应在批次录取开始前，向有关高等校及时提供生源统计情况。
oa00000219,我们不仅拍摄了三望冲的预警和近景，还特别拍摄了从三望冲伸延而出的这条蜿蜒泥泞的小路。,我们不仅拍摄了三望冲的远景和近景，还特别拍摄了从三望冲伸延而出的这条蜿蜒泥泞的小路。
oa00000220,我把他的称赞稀饭咸菜的标准牛津味儿的英语，录到了何带上，放给高佻儿子听。,我把他的称赞稀饭咸菜的标准牛津味儿的英语，录到了盒带上，放给高佻儿子听。
oa00000221,前面出了什么事呢？有野兽吗？我一面往前看，一面从抢套里摸出左轮手枪。,前面出了什么事呢？有野兽吗？我一面往前看，一面从枪套里摸出左轮手枪。
oa00000222,眼下楼越盖越高越盖越多越盖越漂亮，可盖楼的人心里却是越来越没底儿了。,眼下楼越盖越高越盖越多越盖越漂亮，可盖楼的人心里却是越来越没底儿了。
oa00000223,放眼望去，永定河两旁人声鼎沸，彩旗飘扬，推土机，挖土机，运土机正紧张地忙碌着。,放眼望去，永定河两旁人声鼎沸，彩旗飘扬，推土机，挖土机，运土机正紧张地忙碌着。
oa00000224,经过10年的发展，欧莱雅中国已经拥有16个国际和国内知名品牌。,经过10年的发展，欧莱雅中国已经拥有16个国际和国内知名品牌。
oa00000225,巴西国家印第安基金会1日说，研究人员最近在亚马孙雨林中发现一个从未和西方文明有过接触的印第安部落。,巴西国家印第安基金会1日说，研究人员最近在亚马孙雨林中发现一个从未和西方文明有过接触的印第安部落。
oa00000226,教书育人，要把德育有机地渗透与治育之中，努力做到德育和治育的统一。,教书育人，要把德育有机地渗透于智育之中，努力做到德育和智育的统一。
oa00000227,扎依采夫品牌的时装不仅女装高雅，男装也吸引，不仅表演时装别致，职业女装也魅力醉人。,扎依采夫品牌的时装不仅女装高雅，男装也新颖，不仅表演时装别致，职业女装也魅力醉人。
oa00000228,碰上爱玩且能玩物成痴，玩物成癖的人总能令人愉快地会心一笑。,碰上爱玩且能玩物成痴，玩物成癖的人总能令人愉快地会心一笑。
oa00000229,他表示，他已经说过，六月二十四日国民党“全代会”前他会给答案。,他表示，他已经说过，六月二十四日国民党“全代会”前他会给答案。
oa00000230,运动员村必须用铁栏杆围起来，有武装警卫站岗，以保证运动员绝对安全。,运动员村必须用铁栏杆围起来，有武装警卫站岗，以保证运动员绝对安全。
oa00000231,在国会一些议员也已提出议案，要求日本在五年内完全消灭对美贸易逆差。,在国会一些议员也已提出议案，要求日本在五年内完全消灭对美贸易逆差。
oa00000232,2006年上海证券市场的大幅上涨，资金驱动是其中较为明显的作用因素，快速上涨的股指和巨大的市场交易量，容易掩盖资本市场的深层次矛盾。,2006年上海证券市场的大幅上涨，资金驱动是其中较为明显的作用因素，快速上涨的股指和巨大的市场交易量，容易掩盖资本市场的深层次矛盾。
oa00000233,句于岭南文化的形成，则是南越土著文化同中原文化周边文化及海洋文化融合的结果。,至于岭南文化的形成，则是南越土著文化同中原文化周边文化及海洋文化融合的结果。
oa00000234,他那两只滚圆的大眼睛眨了眨，随后咧开嘴向我父亲友好地笑了。,他那两只滚圆的大眼睛眨了眨，随后咧开嘴向我父亲友好地笑了。
oa00000235,我凑近杯口闻了一闻，有点牛奶味，又有椰子味，还略带酒香。,我凑近杯口闻了一闻，有点牛奶味，又有椰子味，还略带酒香。
oa00000236,移动视线，我继续偷偷望着她，当目光射向她脸庞时，我差点没怀叫起来！,移动视线，我继续偷偷望着她，当目光射向她脸庞时，我差点没惊叫起来！
oa00000237,现阶段，卫生事业发展应从外延转向内涵，以提高现有卫生资源的利用效率为重点。,现阶段，卫生事业发展应从外延转向内涵，以提高现有卫生资源的利用效率为重点。
oa00000238,由习惯而产生的先决思维中，中国乃至东亚地区的高储蓄被不甚恰当地视为了常态。很大程度上，各界对于储蓄“搬家”的讨论总是有着“狼来了”的意味，也就是说，虽然在纸面上，这是一个经常被提及的话题，但在实践中，这又是一个未及准备的假想。,由习惯而产生的先决思维中，中国乃至东亚地区的高储蓄被不甚恰当地视为了常态。很大程度上，各界对于储蓄“搬家”的讨论总是有着“狼来了”的意味，也就是说，虽然在纸面上，这是一个经常被提及的话题，但在实践中，这又是一个未及准备的假想。
oa00000239,塞尔维亚人的腌菜有多种，但腌得最普遍的有两样，一种是圆白菜，另一种是杂拌菜。,塞尔维亚人的腌菜有多种，但腌得最普遍的有两样，一种是圆白菜，另一种是杂拌菜。
oa00000240,今年住房市场将呈现双重分化的趋势，一二线城市需求旺消化快，三四线城市需求弱消化慢，在双重分化的状态下调整难以走出衰退的态势。,今年住房市场将呈现双重分化的趋势，一二线城市需求旺消化快，三四线城市需求弱消化慢，在双重分化的状态下调整难以走出衰退的态势。
oa00000241,外面的空气寒冷而又湿润，雨水中果然夹杂着点点雪花，纷纷落落，飘飘扬扬，随风而下。,外面的空气寒冷而又湿润，雨水中果然夹杂着点点雪花，纷纷落落，飘飘扬扬，随风而下。
oa00000242,售货员一个个赛嗓门儿似的高叫着，夸自己的东西质量如何高，价钱如何低，好像他宁肯赔本也要硬卖给你。,售货员一个个赛嗓门儿似的高叫着，夸自己的东西质量如何高，价钱如何低，好像他宁肯赔本也要硬卖给你。
oa00000243,如果富含磷、氮等化学物质的工农业污水排入湖泊，就会导致湖水“营养过剩”，水中微生物过度繁直，水质下降。,如果富含磷、氮等化学物质的工农业污水排入湖泊，就会导致湖水“营养过剩”，水中微生物过度繁殖，水质下降。
oa00000244,根据牛顿在一七零四年的一封书信上的记载，在公元八百年神圣罗马帝国的查理大帝之后的一千两百六十年就是世界未目。,根据牛顿在一七零四年的一封书信上的记载，在公元八百年神圣罗马帝国的查理大帝之后的一千两百六十年就是世界末日。
oa00000245,西藏自治区主席向巴平措今天在国新办发布会上表示，青藏铁路通车近一年来，极大推动了西藏旅游等事业的发展和社会进步，并采取一系列生态保护措施，使沿线环境得到有效保护。,西藏自治区主席向巴平措今天在国新办发布会上表示，青藏铁路通车近一年来，极大推动了西藏旅游等事业的发展和社会进步，并采取一系列生态保护措施，使沿线环境得到有效保护。
oa00000246,阿扎尔要求修改英国的诽谤法，使之不仅适用于基督教，而且也适用于伊斯兰教。,阿扎尔要求修改英国的诽谤法，使之不仅适用于基督教，而且也适用于伊斯兰教。
oa00000247,你要我有了爱情才结婚，可是我就没有哇，也找不到哇，叫我怎么办？,你要我有了爱情才结婚，可是我就没有哇，也找不到哇，叫我怎么办？
oa00000248,由于不动产登记制度的建立，未来个人若是在一线城市和二三线城市同时抛售房产，必然先行抛售二三线城市的房产，这就不难解释上海的土地供给虽然巨大但是依旧不断出现成交新纪录。,由于不动产登记制度的建立，未来个人若是在一线城市和二三线城市同时抛售房产，必然先行抛售二三线城市的房产，这就不难解释上海的土地供给虽然巨大但是依旧不断出现成交新纪录。
oa00000249,一九六二年十一月，厄立特里亚议会通过决议与埃塞俄比亚合并，成为埃的一个省。,一九六二年十一月，厄立特里亚议会通过决议与埃塞俄比亚合并，成为埃的一个省。
oa00000250,周小川指出，目前，亚非合作中出现了一些诸如比较优势轻移明显化、储蓄和资本流动格局发生变化等新回素，这些因素为亚非合作提供了机遇，也使亚非合作优势加大。,周小川指出，目前，亚非合作中出现了一些诸如比较优势转移明显化、储蓄和资本流动格局发生变化等新因素，这些因素为亚非合作提供了机遇，也使亚非合作优势加大。
oa00000251,万达电商大数据不同于普通电商，不能全面抓取消费数据，绝不搞开门店拉人头的传统模式。,万达电商大数据不同于普通电商，不能全面抓取消费数据，绝不搞开门店拉人头的传统模式。
oa00000252,稳定报告指出，一旦预期发生改变，资产价格的波动与震荡，可能导致企业资金链断裂、个人资产大幅缩水、金融机构的呆坏账增多等一系列连锁反应。,稳定报告指出，一旦预期发生改变，资产价格的波动与震荡，可能导致企业资金链断裂、个人资产大幅缩水、金融机构的呆坏账增多等一系列连锁反应。
oa00000253,他重新袋了一锅烟点着，继续说：“支委会上，提起斗争，有些娃头据得跟拨浪鼓一样！”,他重新装了一锅烟点着，继续说：“支委会上，提起斗争，有些娃头摇得跟拨浪鼓一样！”
oa00000254,岛上除了吞吴的嶙峋礁石和万元的小路以外全然是一个草木王国。,岛上除了突兀的嶙峋礁石和蜿蜒的小路以外全然是一个草木王国。
oa00000255,雌鸟单独孵卵盒照顾后代，而雄鸟则继续忙于修饰巢穴也有异性。,雌鸟单独孵卵和照顾后代，而雄鸟则继续忙于修饰巢穴引诱异性。
oa00000256,通篇洋溢着爱国家、爱集体、爱社会、爱他人的质朴至诚，羔羊精神文明的主旋律。,通篇洋溢着爱国家、爱集体、爱社会、爱他人的质朴至诚，高扬精神文明的主旋律。
oa00000257,他认为，无论是脑血栓还是脑溢血，均为颅内血液循环障碍，脑组织受损所致。,他认为，无论是脑血栓还是脑溢血，均为颅内血液循环障碍，脑组织受损所致。
oa00000258,结果可想而知，地雷越埋越多越埋越乱，越埋越广，这山连着那山，这片接着那片。,结果可想而知，地雷越埋越多越埋越乱，越埋越广，这山连着那山，这片接着那片。
oa00000259,这样的企业算不算能适应市场基金，算不算有竞争力？答案应该是肯定的。,这样的企业算不算能适应市场经济，算不算有竞争力？答案应该是肯定的。
oa00000260,要求各地教育行政部门和学校不得将全国英语等级考试等各种公共考试成绩作为招生依据，各地考点也不得受理义务教育阶段学生报名参加全国英语等级考试。,要求各地教育行政部门和学校不得将全国英语等级考试等各种公共考试成绩作为招生依据，各地考点也不得受理义务教育阶段学生报名参加全国英语等级考试。
oa00000261,国务委员兼国务院秘书长罗干民政部部长多吉才让也一同前往延安看望人民群众。,国务委员兼国务院秘书长罗干民政部部长多吉才让也一同前往延安看望人民群众。
oa00000262,他的时装设计既有融入前卫意识的先锋派作品，又有将艺术性与实用性完美结合的佳作。,他的时装设计既有融入前卫意识的先锋派作品，又有将艺术性与实用性完美结合的佳作。
oa00000263,中国央行和银监会九月底宣布，对拥有一套住房并已结清相应购房贷款的家庭，银行可执行手套房贷款政策。,中国央行和银监会九月底宣布，对拥有一套住房并已结清相应购房贷款的家庭，银行可执行首套房贷款政策。
oa00000264,地方应与部队联合举办一些针对专业文艺人才的培训与培养更多的文艺人才。,地方应与部队联合举办一些针对专业文艺人才的培训以培养更多的文艺人才。
oa00000265,为了练好四百米障碍这个客户，梁永葆一有空就泡在障碍场攀高墙，绕木桩，钻铁丝网，过独木桥。,为了练好四百米障碍这个课目，梁永葆一有空就泡在障碍场攀高墙，绕木桩，钻铁丝网，过独木桥。
oa00000266,由于镯子尺寸比手腕稍大，往胳膊上滑能完全隐没在袖子里。,由于镯子尺寸比手腕稍大，往胳膊上滑能完全隐没在袖子里。
oa00000267,虽说衣着朴素，却丝毫不见土气，宛如一株独立于群芳中的秀竹，曲雅、明丽。,虽说衣着朴素，却丝毫不见土气，宛如一株独立于群芳中的秀竹，典雅、明丽。
oa00000268,在岳黔山笔下，贵州山川风物蕴藏着浓烈的傩戏意味，充溢着质朴野逸的气息。,在岳黔山笔下，贵州山川风物蕴藏着浓烈的傩戏意味，充溢着质朴野逸的气息。
oa00000269,他们用砖头、木棍、酒瓶等袭击全副武装的防暴警察，警方则动用棍棒拘役还击。,他们用砖头、木棍、酒瓶等袭击全副武装的防暴警察，警方则动用棍棒予以还击。
oa00000270,此接普遍认为公决比大选更重要，围绕宪法公决的争论也比竞选粉身更尖锐复杂。,此间普遍认为公决比大选更重要，围绕宪法公决的争论也比竞选本身更尖锐复杂。
oa00000271,我们看见宇宙里最悲壮雄伟的戏剧在我们面前开演了：人和自然的斗争。,我们看见宇宙里最悲壮雄伟的戏剧在我们面前开演了：人和自然的斗争。
oa00000272,今年以来，不力高校将大学语文列为必修课。,今年以来，不少高校将大学语文列为必修课。
oa00000273,青海石油局从国外引进先进的油田压裂装置，对油层进行压裂，提高油层渗透能力。,青海石油局从国外引进先进的油田压裂装置，对油层进行压裂，提高油层渗透能力。
oa00000274,利用滚装船可以用卡车或牵麟车把货物从工厂直接送到收货地点实现门到门运输。,利用滚装船可以用卡车或牵引车把货物从工厂直接送到收货地点实现门到门运输。
oa00000275,全党必须紧紧团结在以江泽民同志为核心的党中央周围，一心一意稳扎稳打，共创未来。,全党必须紧紧团结在以江泽民同志为核心的党中央周围，一心一意稳扎稳打，共创未来。
oa00000276,同时，围绕抓源头，抓民主，抓服务，抓重点，抓宣传，积极开展工作，取得较好效果。,同时，围绕抓源头，抓民主，抓服务，抓重点，抓宣传，积极开展工作，取得较好效果。
oa00000277,炎热天的晌午，临到山里去割牛草前，先要在柿树的绿伞下铺上盖上浓荫，甜甜地睡上一觉。,炎热天的晌午，临到山里去割牛草前，先要在柿树的绿伞下铺上盖上浓荫，甜甜地睡上一觉。
oa00000278,由于长期与世隔缅，这个部落仍然保留着古老的生活方式，男子几乎不穿衣服，嘴唇带有盘状饰物，女子头部则有着独物的发型。,由于长期与世隔绝，这个部落仍然保留着古老的生活方式，男子几乎不穿衣服，嘴唇带有盘状饰物，女子头部则有着独特的发型。
oa00000279,2007年暑运自7月1日起至8月31日止，共计62天，北京铁路局据客流调查对暑运客流情况进行了预测。,2007年暑运自7月1日起至8月31日止，共计62天，北京铁路局据客流调查对暑运客流情况进行了预测。
oa00000280,海南水果产业为何屡陷危机呢？个人深罗。,海南水果产业为何屡陷危机呢？令人深思。
oa00000281,能不能保证一个地方在市场竞争中独占鳌头，之于不败之地，说到底，拼的是特色、绝话，唯有使经济占有一席之地，寸能永葆生机和活力。,能不能保证一个地方在市场竞争中独占鳌头，立于不败之地，说到底，拼的是特色、绝活，唯有使经济占有一席之地，才能永葆生机和活力。
oa00000282,铁路要从这里铺通，他不准挖掘，而老将军宋承福用铁锹带头，首先挖开了自己亲人的墓穴。,铁路要从这里铺通，他不准挖掘，而老将军宋承福用铁锹带头，首先挖开了自己亲人的墓穴。
oa00000283,培育特色经济作为参与世界竞争的突破口，因势利导，制定政策，完善措施，强力推进，走出了一条发展特包经济的新路子。,培育特色经济作为参与世界竞争的突破口，因势利导，制定政策，完善措施，强力推进，走出了一条发展特色经济的新路子。
oa00000284,在他们的带动下，全村很快兴起栽桑养蚕热潮，原先五六百亩荒坡荒堤被开垦一红。,在他们的带动下，全村很快兴起栽桑养蚕热潮，原先五六百亩荒坡荒地被开垦一空。
oa00000285,看见形状迥异，颜色不一的彩池象一块块梯月嵌镶在沟府的陡坡上，玲珑别透。,看见形状迥异，颜色不一的彩池象一块块梯田嵌镶在沟底的陡坡上，玲珑剔透。
oa00000286,用人单位依据前款规定裁减人员在六个月内录用人员时，应当优先录用被裁减的人员。,用人单位依据前款规定裁减人员在六个月内录用人员时，应当优先录用被裁减的人员。
oa00000287,一种是尖柿，在八月十五就可以用温水泡熟吃，就又醇又甜了。,一种是尖柿，在八月十五就可以用温水泡熟吃，就又醇又甜了。
oa00000288,他同时表示，未来的棉花产业将面临着前所未有的挑战。,他同时表示，未来的棉花产业将面临着前所未有的挑战。
oa00000289,来自合富置业的统计数据显示，在七月广州二手住宅市场上改善型换房成交个案占比下降到百分之八，与六月多达百分之五的改善型购房占比相比存在七个班分点的差距。,来自合富置业的统计数据显示，在七月广州二手住宅市场上改善型换房成交个案占比下降到百分之八，与六月多达百分之五的改善型购房占比相比存在七个百分点的差距。
oa00000290,目前推出了房屋首付金融产品，贷款金额灵活是这些产品最大的优势，警官表面上是以借款人个人身份募集首付款，但是风险也非常大。,目前推出了房屋首付金融产品，贷款金额灵活是这些产品最大的优势，尽管表面上是以借款人个人身份募集首付款，但是风险也非常大。
oa00000291,草图要求在方箱一面的中心钻个孔，外围洗出环形槽，周围在均匀分布五个螺纹孔。,草图要求在方箱一面的中心钻个孔，外围铣出环形槽，周围再均匀分布五个螺纹孔。
oa00000292,这位负责人指出，教育部要求各地要切实做如网上永取务项安全保障和数据准备。,这位负责人指出，教育部要求各地要切实做好网上录取各项安全保障和数据准备。
oa00000293,无准运证的烟用滤嘴材料，各地烟草专卖局都有权查扣。,无准运证的烟用滤嘴材料，各地烟草专卖局都有权查扣。
oa00000294,胶卷冲完后仍留在暗河中，顾客得到一份和底片同样大小的照片，攻扩印选用。,胶卷冲完后仍留在暗盒中，顾客得到一份和底片同样大小的照片，供扩印选用。
oa00000295,刘玉升那纯粹的瞎说有时也会碰巧严重，因此事情越传越玄乎。,刘玉升那纯粹的瞎说有时也会碰巧言中，因此事情越传越玄乎。
oa00000296,有的职员为饱私囊在外出采购货物时，以次充优陆续作家，坑了公司也坑了边疆百姓。,有的职员为饱私囊在外出采购货物时，以次充优弄虚作假，坑了公司也坑了边疆百姓。
oa00000297,案发后，案犯和结部分赃款分散逃匿，被告曾文彬，陈少文，窝藏赃款六十余万元。,案发后，案犯各携部分赃款分散逃匿，被告曾文彬，陈少文，窝藏赃款六十余万元。
oa00000298,图为县政协副主席高级农艺师密秀云，在孙楼乡郭楼村给棉农讲解良种的使用方法,图为县政协副主席高级农艺师密秀云，在孙楼乡郭楼村给棉农讲解良种的使用方法
oa00000299,有一次我趴在高黎贡山主峰一块平台上，用望远镜观察母婴给雏鹰未失的情景。,有一次我趴在高黎贡山主峰一块平台上，用望远镜观察母鹰给雏鹰喂食的情景。
oa00000300,秦华孙指出为了实现印度洋和平区的目标，需要区域内部和外部国家的共同努力。,秦华孙指出为了实现印度洋和平区的目标，需要区域内部和外部国家的共同努力。
oa00000301,宋美龄早在上世纪30年代，就开始运用投摩的方法来保养身体。,宋美龄早在上世纪30年代，就开始运用按摩的方法来保养身体。
oa00000302,姐妹俩性格恬静，姐姐比较内向，妹妹则外向一点，但两人都生性爱水。,姐妹俩性格恬静，姐姐比较内向，妹妹则外向一点，但两人都生性爱水。
oa00000303,黄河“蓄水池”湿地干涸面积已逾10万平方公里。,黄河“蓄水池”湿地干涸面积已逾10万平方公里。
oa00000304,透过上述现象，不难看出北洋水师的风气状况，有用人不公、以权谋私的，有隐情不报、晒上欺下的，有吃喝嫖赌、生活奢糜的。,透过上述现象，不难看出北洋水师的风气状况，有用人不公、以权谋私的，有隐情不报、瞒上欺下的，有吃喝嫖赌、生活奢糜的。
oa00000305,钜派的网络普及八座经济发达城市，主要覆盖渤海湾长江三角洲和珠江三角洲地区，钜派基本只挑先前一百强公司，并只提供上市公司国企等大公司项目。,钜派的网络普及八座经济发达城市，主要覆盖渤海湾长江三角洲和珠江三角洲地区，钜派基本只挑先前一百强公司，并只提供上市公司国企等大公司项目。
oa00000306,在这入海的地方，结识了这么多欢腾驰骋的伙伴，引以自豪。,在这入海的地方，结识了这么多欢腾驰骋的伙伴，引以自豪。
oa00000307,从严肃高雅的文化，到通俗的大众的文化，从阳春白雪到下里巴人，我们都不要忽视。,从严肃高雅的文化，到通俗的大众的文化，从阳春白雪到下里巴人，我们都不要忽视。
oa00000308,众多业内外人士出席了活动，盛赞项目团队对于产品各个环节的经营策略。,众多业内外人士出席了活动，盛赞项目团队对于产品各个环节的经营策略。
oa00000309,绿豆、绿豆芽、黄豆芽、豆腐、莲藕、梨、桑椹、柚子、山楂、苹果等，这些食物可起清凉去热、生津润燥的作用。,绿豆、绿豆芽、黄豆芽、豆腐、莲藕、梨、桑椹、柚子、山楂、苹果等，这些食物可起清凉去热、生津润燥的作用。
oa00000310,中央军委副主席张震，迟浩田，国务委员罗干，中央军委委员傅全有，于永波，参加了会见。,中央军委副主席张震，迟浩田，国务委员罗干，中央军委委员傅全有，于永波，参加了会见。
oa00000311,汽车时而放崖而死，时而穿峡而行，时而悦溪而过，时而爬坡而上。,汽车时而傍崖而驶，时而穿峡而行，时而越溪而过，时而爬坡而上。
oa00000312,北京阜外医院心外科专家含蓄的解释表明，患儿母亲体质极差，直接影响了后代的健康。,北京阜外医院心外科专家含蓄的解释表明，患儿母亲体质极差，直接影响了后代的健康。
oa00000313,如何提高少儿组物的质量？宋庆龄也提出了很卓越的见解，那就是抓创作，抓书稿。,如何提高少儿读物的质量？宋庆龄也提出了很卓越的见解，那就是抓创作，抓书稿。
oa00000314,大名城获得唐镇两块地的地价为五点七六亿元，平均楼面价达二万元，成为该区域单价地王，这也是为什么很多房地产公司为全力进入一线城市。,大名城获得唐镇两块地的地价为五点七六亿元，平均楼面价达二万元，成为该区域单价地王，这也是为什么很多房地产公司为全力进入一线城市。
oa00000315,后者将提供自行研制的硫酸根吸附剂及其处理土艺，帮助前者建立废水处理厂，并保证处理后的度水达到国家饮用水标准。,后者将提供自行研制的硫酸根吸附剂及其处理工艺，帮助前者建立废水处理厂，并保证处理后的度水达到国家饮用水标准。
oa00000316,要理顺产权关系，除了要理顺政企关系外，首先要理顺企业资产所有者与经营者的关系。,要理顺产权关系，除了要理顺政企关系外，首先要理顺企业资产所有者与经营者的关系。
oa00000317,种因为此，斯诺曾感触颇深地说：鲁迅虽身材瘦弱矮小，但和鲁迅在一起你必须仰视着去领会那崇高的思想。,正因为此，斯诺曾感触颇深地说：鲁迅虽身材瘦弱矮小，但和鲁迅在一起你必须仰视着去领会那崇高的思想。
oa00000318,住建部政策研究中心主任秦虹最近透露，全国在建房屋九成没卖出去，不少买家受困于首付不足，开发商的销售护法也因此而被拖慢。,住建部政策研究中心主任秦虹最近透露，全国在建房屋九成没卖出去，不少买家受困于首付不足，开发商的销售步伐也因此而被拖慢。
oa00000319,两次冬奥会冠军维特为了能够参加本届冬奥会，放弃了职业比赛，重新转为业余选手。,两次冬奥会冠军维特为了能够参加本届冬奥会，放弃了职业比赛，重新转为业余选手。
oa00000320,这圆拱式的建筑拥有英国人们的宠爱，说它是伦敦的灵魂。,这圆拱式的建筑拥有英国人们的宠爱，说它是伦敦的灵魂。
oa00000321,给客人沏茶、倒奶、针灸，全用的是银碗和木碗，客人喝完第一碗茶后主人开始给客人敬酒。,给客人沏茶、倒奶、斟酒，全用的是银碗和木碗，客人喝完第一碗茶后主人开始给客人敬酒。
oa00000322,从飞机上往下望去，就如同一个硕大的玉盆一样，盆底下面还有缕缕青烟冒出。,从飞机上往下望去，就如同一个硕大的玉盆一样，盆底下面还有缕缕青烟冒出。
oa00000323,首先要改造的是北京站东街行人过街天桥，改造工程保留了目前天桥的南北两侧梯道，仅更换主梁。,首先要改造的是北京站东街行人过街天桥，改造工程保留了目前天桥的南北两侧梯道，仅更换主梁。
oa00000324,中国要求，在别国遗弃化学武器的国家应按工业规定尽快彻底销毁所有遗弃化学武器。,中国要求，在别国遗弃化学武器的国家应按公约规定尽快彻底销毁所有遗弃化学武器。
oa00000325,六十年代我国居民生活是粮食引路，瓜菜当家，吃尚纯玉米面窝窝头就算顶呱呱。,六十年代我国居民生活是粮食引路，瓜菜当家，吃上纯玉米面窝窝头就算顶呱呱。
oa00000326,国内有关专家的研究也表明，近期我国信用卡的应用至少在五大领域有着诱人的前景。,国内有关专家的研究也表明，近期我国信用卡的应用至少在五大领域有着诱人的前景。
oa00000327,土地市场也热起来了，杭州住宅用地溢价率回升，一线城市平均楼面价又创单月历史纪录，再次引发人们的猜测。,土地市场也热起来了，杭州住宅用地溢价率回升，一线城市平均楼面价又创单月历史纪录，再次引发人们的猜测。
oa00000328,湖泊和人一样，“营养过剩”会引发一系列“健康”问题。如果高含磷、氮等化学物质的工农业污水排入湖泊，就会导致湖水“营养过剩”，水中微生物过度繁殖，水质下降。,湖泊和人一样，“营养过剩”会引发一系列“健康”问题。如果高含磷、氮等化学物质的工农业污水排入湖泊，就会导致湖水“营养过剩”，水中微生物过度繁殖，水质下降。
oa00000329,“道罗斯”号船重6818吨，长130米，由货船改造成客轮后便被德国一个非赢川慈善组织购买了。,“道罗斯”号船重6818吨，长130米，由货船改造成客轮后便被德国一个非赢利慈善组织购买了。
oa00000330,位于黑龙江省齐齐哈尔市境内的扎龙自然保护臣是天然的物种基因库，于1992年列入《国际重要湿地名录》，广阔的湖泊和沼泽湿地对调节当地的气候和空艺湿度有普巨大的作用。,位于黑龙江省齐齐哈尔市境内的扎龙自然保护区是天然的物种基因库，于1992年列入《国际重要湿地名录》，广阔的湖泊和沼泽湿地对调节当地的气候和空气湿度有着巨大的作用。
oa00000331,专家指出：中西医不应打擂台，而是要长期共存、优势互补、有分有合、共同发展，轻言废余中医者将自毁长城，成为千古罪人！,专家指出：中西医不应打擂台，而是要长期共存、优势互补、有分有合、共同发展，轻言废除中医者将自毁长城，成为千古罪人！
oa00000332,有人借口“保护宗教、人权”，践踏别国主权，有人欺世盗名，剽窃宗教术语，打着宗教旗号，进行蒙骗群众，图财空命的勾当。,有人借口“保护宗教、人权”，践踏别国主权，有人欺世盗名，剽窃宗教术语，打着宗教旗号，进行蒙骗群众，图财害命的勾当。
oa00000333,久而久之，这些观念造成一些地方的农民越穷越生，越生越穷，恶性循环。,久而久之，这些观念造成一些地方的农民越穷越生，越生越穷，恶性循环。
oa00000334,100%的父母最大的愿望是让孩子获得优质教育，83%的父母愿意送孩子到最好的幼儿园和学校就读，70%的父母在条件许可的情况下一定要送孩子出国留学。,100%的父母最大的愿望是让孩子获得优质教育，83%的父母愿意送孩子到最好的幼儿园和学校就读，70%的父母在条件许可的情况下一定要送孩子出国留学。
oa00000335,2006年，实现在华销售超过40亿元，连续6年实现两位数增长，并成为中国市场上最知多和最受剪重的跨国公司之一。,2006年，实现在华销售超过40亿元，连续6年实现两位数增长，并成为中国市场上最知名和最受尊重的跨国公司之一。
oa00000336,早被国外农户广泛采用的微生物菌养禽畜技术已落户中国。,早被国外农户广泛采用的微生物菌养禽畜技术已落户中国。
oa00000337,交通部门责令曾某赔偿杨某亲属看藏杨某的部分费用以及其它损失。,交通部门责令曾某赔偿杨某亲属安葬杨某的部分费用以及其它损失。
oa00000338,因此，加速农村中医药适用人才的培养是加强农村中医药工作的一个战略重点。,因此，加速农村中医药适用人才的培养是加强农村中医药工作的一个战略重点。
oa00000339,这些寺庙错落有致地掩映在郁郁苍苍的重峦叠嶂之间十分古雅壮观。,这些寺庙错落有致地掩映在郁郁苍苍的重峦叠嶂之间十分古雅壮观。
oa00000340,走完苏堤之后意犹未尽，在楼外楼吃过西湖醋鱼等佳肴之后又踏上了白堤。,走完苏堤之后意犹未尽，在楼外楼吃过西湖醋鱼等佳肴之后又踏上了白堤。
oa00000341,他们抓来了回家为父亲送丧的年轻医生苏原和他的妻子牟青，逼迫他们治病。,他们抓来了回家为父亲送丧的年轻医生苏原和他的妻子牟青，逼迫他们治病。
oa00000342,今年，我国最大的镍、钴、铂族金属生产企业甘肃金川集团将加大节能减排力瘦，力象年内实现主要污染物二氧化硫比上年减排20%，达到国家三级环境空气质量标准的要求。,今年，我国最大的镍、钴、铂族金属生产企业甘肃金川集团将加大节能减排力度，力争年内实现主要污染物二氧化硫比上年减排20%，达到国家三级环境空气质量标准的要求。
oa00000343,她要学习，又要帮奶奶持家，可翻阅她的作业本，根本看不到八十分以下的成绩。,她要学习，又要帮奶奶持家，可翻阅她的作业本，根本看不到八十分以下的成绩。
oa00000344,当八日凌晨四时，为迎接书市开业而铺上最后一块草坯时，他们望着东方，会心地笑了。,当八日凌晨四时，为迎接书市开业而铺上最后一块草坯时，他们望着东方，会心地笑了。
oa00000345,中华人民共和国中央军事委员会最近发布命令，授予吴孟超模范医学专家荣誉称号。,中华人民共和国中央军事委员会最近发布命令，授予吴孟超模范医学专家荣誉称号。
oa00000346,位于甘肃省金昌市的金川镍矿，是我国最主要的镍矿，也是世界著名的三大多金属共生的硫化铜镍矿床之一。1978年，金川被列为企国三大资源综合利用基地之一。,位于甘肃省金昌市的金川镍矿，是我国最主要的镍矿，也是世界著名的三大多金属共生的硫化铜镍矿床之一。1978年，金川被列为企国三大资源综合利用基地之一。
oa00000347,招商平安联合体则拿出了更高的楼面价，竞得宝山大场镇地块，创出近一倍的高溢价。,招商平安联合体则拿出了更高的楼面价，竞得宝山大场镇地块，创出近一倍的高溢价。
oa00000348,修养不足的演员，技师证走红也不过如过眼云烟而已，成不了真正意义上的艺术家。,修养不足的演员，即使正走红也不过如过眼云烟而已，成不了真正意义上的艺术家。
oa00000349,算你运气好，我昨天刚刚打过卖了，否则恐怕一文钱也借不出来呢。,算你运气好，我昨天刚刚把货卖了，否则恐怕一文钱也借不出来呢。
oa00000350,他认为，丝绸之路上的民哥很有特色，因为地理位置横跨欧亚大陆，是极特出的跨国籍民歌。,他认为，丝绸之路上的民歌很有特色，因为地理位置横跨欧亚大陆，是极特殊的跨国籍民歌。
oa00000351,望子成龙，望女成凤的父母、爷爷奶奶、外公外婆、只要能让孩子听话，总是有泉必涌。,望子成龙，望女成凤的父母，爷爷奶奶、外公外婆、只要能让孩子听话，总是有求必应。
oa00000352,当时天文学家认为冥王星应该是矮行星钟的“老大”，而最新的灭丈观测证实冥王星的“老大”头衔也不保。,当时天文学家认为冥王星应该是矮行星中的“老大”，而最新的天文观测证实冥王星的“老大”头衔也不保。
oa00000353,他们迎难而上，不畏艰险，英勇顽强地与洪魔作抗争，谱写了一曲抗洪救在的悲壮凯歌。,他们迎难而上，不畏艰险，英勇顽强地与洪魔作抗争，谱写了一曲抗洪救灾的悲壮凯歌。
oa00000354,去年四月中旬，我镇税务所查获盐城市郊区某个体商贩在我镇从事石棉瓦经营业务。,去年四月中旬，我镇税务所查获盐城市郊区某个体商贩在我镇从事石棉瓦经营业务。
oa00000355,参战军虽然没有参加对德战争，但有十万华工被派赴欧洲战场，为协约国军队运输弹药给养和修筑公式。,参战军虽然没有参加对德战争，但有十万华工被派赴欧洲战场，为协约国军队运输弹药给养和修筑工事。
oa00000356,来到工作岗位上，他脱掉上衣，掂起八大锤，在白暗的煤油灯光映照下，朝着钢钎，一锤锤、恶狠狠地砸去。,来到工作岗位上，他脱掉上衣，掂起八大锤，在昏暗的煤油灯光映照下，朝着钢钎，一锤锤、恶狠狠地砸去。
oa00000357,他在同济大学做校长时，和学校党委书记、行政班子、党委班子的合作很顺利,他在同济大学做校长时，和学校党委书记、行政班子、党委班子的合作很顺利
oa00000358,肠功能紊乱，月经失调，刺激性饮食，也会促使应状发生和加重。因此，调整饮食，重视某些草养素的摄入，可起到预防和辅助治疗作用。,肠功能紊乱，月经失调，刺激性饮食，也会促使症状发生和加重。因此，调整饮食，重视某些营养素的摄入，可起到预防和辅助治疗作用。
oa00000359,东生、孙枢、叶大年等院士组成的专家组认为，这些罗布泊地区综合研究的新进展，具有重要的科学意义，总体上达到了罗布泊研究的领先水平。,东生、孙枢、叶大年等院士组成的专家组认为，这些罗布泊地区综合研究的新进展，具有重要的科学意义，总体上达到了罗布泊研究的领先水平。
oa00000360,的确，从古到今音说假话受宠升官，说真话反遭压抑甚指丢官掉脑袋的事不盛美女。,的确，从古到今因说假话受宠升官，说真话反遭压抑甚至丢官掉脑袋的事不胜枚举。
oa00000361,此前一天，毛泽东亲笔起草中共中央军委给平津战役总前委的电报要求充分注意保护北平工业区及文化古迹。,此前一天，毛泽东亲笔起草中共中央军委给平津战役总前委的电报要求充分注意保护北平工业区及文化古迹。
oa00000362,水门汀路上和巷堂里面，已被这些亦脚的乡下姑娘所挤满了，京爽而带有一点湿气的朝风。大约就是这些生活在死水一般的空气里面的人们的仅有的天惠。,水门汀路上和巷堂里面，已被这些赤脚的乡下姑娘所挤满了，凉爽而带有一点湿气的朝风。大约就是这些生活在死水一般的空气里面的人们的仅有的天惠。
oa00000363,纳税人营业额达到起征点的，因按营业额全额拒算应纳税额。,纳税人营业额达到起征点的，应按营业额全额计算应纳税额。
oa00000364,用人单位聘用外国人从事的岗位应是有特殊需要，国内暂缺适当人选且不违反国家有关规定的岗位。,用人单位聘用外国人从事的岗位应是有特殊需要，国内暂缺适当人选且不违反国家有关规定的岗位。
oa00000365,她奇怪，自己不仅无一丝需怯，反而有种与对手拼杀较量跃跃欲试的心沁。,她奇怪，自己不仅无一丝虚怯，反而有种与对手拼杀较量跃跃欲试的心境。
oa00000366,他们能作为科研的梯队顶上来，我也可以放心去干我所喜爱的野外考察了。,他们能作为科研的梯队顶上来，我也可以放心去干我所喜爱的野外考察了。
oa00000367,其中最值得注意的是世联行在互联网金融领域的布区。,其中最值得注意的是世联行在互联网金融领域的布局。
oa00000368,一九五零年八月中央人民政府政务院颁布了保障发明权与专利权暂行条例。,一九五零年八月中央人民政府政务院颁布了保障发明权与专利权暂行条例。
oa00000369,有为廷有名的作家说，小时侯穷妹妹经常饿得哭。,有位挺有名的作家说，小时侯穷妹妹经常饿得哭。
oa00000370,等从晕晕乎乎中行来，时间已经丢下一串长长的脚印，消失得无影无踪。,等从晕晕乎乎中醒来，时间已经丢下一串长长的脚印，消逝得无影无踪。
oa00000371,据介绍，法国国家图书馆收藏的西夏文文献具有相当重要的学术价值。,据介绍，法国国家图书馆收藏的西夏文文献具有相当重要的学术价值。
oa00000372,世界上动力最大的“北极星”号科研破冰船在进行了为期19个月的南极考察后将今天停泊在德国不来梅港。,世界上动力最大的“北极星”号科研破冰船在进行了为期19个月的南极考察后将今天停泊在德国不来梅港。
oa00000373,我国房地产市场的供需关系发生彻底逆转，整体市场供大于求的形势已经确立，多地出现空城，去库存将成为很多地方的难题。,我国房地产市场的供需关系发生彻底逆转，整体市场供大于求的形势已经确立，多地出现空城，去库存将成为很多地方的难题。
oa00000374,重要文化古迹区，对一切原来管理人员亦是原封不动，我军只派兵保护，派人联系。尤其注意与清华、燕京等大学教职员学生联系，和他们共同商量如何在作战时减少损失。,重要文化古迹区，对一切原来管理人员亦是原封不动，我军只派兵保护，派人联系。尤其注意与清华、燕京等大学教职员学生联系，和他们共同商量如何在作战时减少损失。
oa00000375,连广西那样的边远神器，家电维修培训结业学员也超过了十万人。,连广西那样的边远省区，家电维修培训结业学员也超过了十万人。
oa00000376,房贷新政出台后，一线城市合计签约住宅土地七宗，平均楼面价创造了单月历史纪录。,房贷新政出台后，一线城市合计签约住宅土地七宗，平均楼面价创造了单月历史纪录。
oa00000377,马可波罗、斯文·赫定、彭加木等中外探险家在这片“死亡之海”中视角不同的观察，导致了一个世纪的学术争论，并留下众多科学上的迷团。,马可波罗、斯文·赫定、彭加木等中外探险家在这片“死亡之海”中视角不同的观察，导致了一个世纪的学术争论，并留下众多科学上的谜团。
oa00000378,脊柱周围的神经直接对人体的内脏有着至关重要的联系，所以对这些穴位进行按摩不仅仅有益于疾病的缓解，同时在按摩过程中也会适当地激活血液的流通，刺激神经末梢，促进细胞的新陈代谢。,脊柱周围的神经直接对人体的内脏有着至关重要的联系，所以对这些穴位进行按摩不仅仅有益于疾病的缓解，同时在按摩过程中也会适当地激活血液的流通，刺激神经末梢，促进细胞的新陈代谢。
oa00000379,“自然保护国际”组织4日报告说，一支考客队在南美国家苏里南的高原发现24个新物种，其中包括一种能发荧玄的紫色蛙。,“自然保护国际”组织4日报告说，一支考察队在南美国家苏里南的高原发现24个新物种，其中包括一种能发荧光的紫色蛙。
oa00000380,此外，戒烟广告，预防艾滋病广告，禁止酒后开车广告等也常突出运用死亡等恐惧镜头。,此外，戒烟广告，预防艾滋病广告，禁止酒后开车广告等也常突出运用死亡等恐惧镜头。
oa00000381,这一政策对房地产市场整体的影响也是微乎其微的，即使限购令全面实现松绑楼市也难再现过去的高速增长，房地产市场风光不再。,这一政策对房地产市场整体的影响也是微乎其微的，即使限购令全面实现松绑楼市也难再现过去的高速增长，房地产市场风光不再。
oa00000382,渔民张后渔，日前将一条补货入网的形似扁鱼的胭脂鱼放回江中。,渔民张后渔，日前将一条捕获入网的形似鳊鱼的胭脂鱼放回江中。
oa00000383,我爱狂风暴浪中把着舵神色不变的汉子，我对于始终位在霍乱流行的城里履行职务的约翰勃郎医生怀一种虎敬的心情。,我爱狂风暴浪中把着舵神色不变的汉子，我对于始终住在霍乱流行的城里履行职务的约翰勃郎医生怀一种虔敬的心情。
oa00000384,钜派投资创始于二零一零年三月，是一家财务咨询管理类古诗，早期的钜派投资来自纯金融领域的拓展，与房地产并无大关系,钜派投资创始于二零一零年三月，是一家财务咨询管理类公司，早期的钜派投资来自纯金融领域的拓展，与房地产并无大关系
oa00000385,这些民兵武器，生动地告诉人们，武器虽然是战争的重要的因素，但决定战争胜贫的是人，不是物。革命的人民武装从来都是以劣势的装备，打败了装备上占优势的敌人。,这些民兵武器，生动地告诉人们，武器虽然是战争的重要的因素，但决定战争胜负的是人，不是物。革命的人民武装从来都是以劣势的装备，打败了装备上占优势的敌人。
oa00000386,另外，假设不麻烦，请关照一下星空花园，别让屋子变成鬼屋就好了啦！,另外，假设不麻烦，请关照一下星空花园，别让屋子变成鬼屋就好了啦！
oa00000387,传统上，台军基本按照台湾本岛的5个战区或战区接合部的顺序，轮流选择“汉光”演习的区域。,传统上，台军基本按照台湾本岛的5个战区或战区接合部的顺序，轮流选择“汉光”演习的区域。
oa00000388,林业部门在营林造林工作中不忘水宝。,林业部门在营林造林工作中不忘水保。
oa00000389,广州市房地产中介协会飞行，相比于其他一线城市，广州二手住宅市场表现一直相对稳健。,广州市房地产中介协会分析，相比于其他一线城市，广州二手住宅市场表现一直相对稳健。
oa00000390,她更能回味到自己刚才在台上的种种变幻的神情和姿态：当她倚在廊栏上，低低的呼唤着墙下的罗密欧，说：我的恩爱是海洋的无边，海洋的深。,她更能回味到自己刚才在台上的种种变幻的神情和姿态：当她倚在廊栏上，低低的呼唤着墙下的罗密欧，说：我的恩爱是海洋的无边，海洋的深。
oa00000391,晨报讯:子女获得优质教育是家长最重要的梦想，而三分之一家庭甚至在孩子出身前就开始教育投资。,晨报讯:子女获得优质教育是家长最重要的梦想，而三分之一家庭甚至在孩子出身前就开始教育投资。
oa00000392,红毯上的男明星几子都采取了保宁穿法，女明星们则依然争奋斗艳。,红毯上的男明星几乎都采取了保守穿法，女明星们则依然争奇斗艳。
oa00000393,贵州本地房企中天城投在二零一四年的年报中明确指出，二零一五年将是大金融战略的起步之年，一个新三驾马车驱动的新格局逐渐浮出水面。,贵州本地房企中天城投在二零一四年的年报中明确指出，二零一五年将是大金融战略的起步之年，一个新三驾马车驱动的新格局逐渐浮出水面。
oa00000394,宋美龄按摩养生有妙招：背部次位都与人的大脑和脏腑相连，刺激它们会起到一定的传导作用。,宋美龄按摩养生有妙招：背部穴位都与人的大脑和脏腑相连，刺激它们会起到一定的传导作用。
oa00000395,红娘子插金簪，戴银花，比牡丹芍药胜五倍，从容出阁，宛若云母天仙。,红娘子插金簪，戴银花，比牡丹芍药胜五倍，从容出阁，宛若云母天仙。
oa00000396,北京双榆树商场柜台组长邓传英，双安商场售货员冯颖，都是从工厂调入商业在线的。,北京双榆树商场柜台组长邓传英，双安商场售货员冯颖，都是从工厂调入商业战线的。
oa00000397,品茶人在饮茶前，双手捧碗旋转三圈，上完碗上的花纹质地后方明饮茶。,品茶人在饮茶前，双手捧碗旋转三圈，赏玩碗上的花纹质地后方能饮茶。
oa00000398,一线城市在政策制度上占据优势，自今年第四季度开始一线城市土地一直很抢手，一加率达到百分之九点二。,一线城市在政策制度上占据优势，自今年第四季度开始一线城市土地一直很抢手，溢价率达到百分之九点二。
oa00000399,六省区均为黄土高原区深山区，荒漠区，和高寒山区，自然条件恶劣，灾害平凡。,六省区均为黄土高原区深山区，荒漠区，和高寒山区，自然条件恶劣，灾害频繁。
oa00000400,大青马嘶叫着把两条前腿举起来，突然把身子一抹，来了个一百八十度的大转弯，又把两条后退往上一掀，把我扔下来了。,大青马嘶叫着把两条前腿举起来，突然把身子一抹，来了个一百八十度的大转弯，又把两条后腿往上一掀，把我扔下来了。
oa00000401,可是兔场的农民饲养员给兔子喂食喂药都被兔子顺顺当当接受了。,可是兔场的农民饲养员给兔子喂食喂药都被兔子顺顺当当接受了。
oa00000402,老人说到这里有些梗咽，一直在一旁陪着的儿媳敲敲向我递眼色，我马上收住问话。,老人说到这里有些哽咽，一直在一旁陪着的儿媳悄悄向我递眼色，我马上收住问话。
oa00000403,他们白天随着滚滚车流分波于太行奶北，晚上打开铺盖，仰望天空谈理想谈人生。,他们白天随着滚滚车流奔波于太行南北，晚上打开铺盖，仰望天空谈理想谈人生。
oa00000404,中国体育杂志社七月十一日在北京举行了向中国奥运健儿赠送体育摄影画册的仪式。,中国体育杂志社七月十一日在北京举行了向中国奥运健儿赠送体育摄影画册的仪式。
oa00000405,新闻发言人武和平说，早在上巴纪九十年代，我国就提出了取消农业居住地户口登记制度的改革目标。,新闻发言人武和平说，早在上世纪九十年代，我国就提出了取消农业居住地户口登记制度的改革目标。
oa00000406,这个世界上哲学家产量最高的民族有着不同于后工业社会欧美文化的品质。二战后相当长一段时间里这个国家的知识分子都陷入一种沉痛的选择和反省中。,这个世界上哲学家产量最高的民族有着不同于后工业社会欧美文化的品质。二战后相当长一段时间里这个国家的知识分子都陷入一种沉痛的选择和反省中。
oa00000407,由于宇宙空间环境险恶，因此返回舱都做成密封式使人员与宇宙空间环境完全和绝。,由于宇宙空间环境险恶，因此返回舱都做成密封式使人员与宇宙空间环境完全隔绝。
oa00000408,我的肩膀浑圆，胸前肥嘟嘟的，身材又变得那么矮小，尤其是脚下好像踩着高跷，简直要把脚筋绷断。,我的肩膀浑圆，胸前肥嘟嘟的，身材又变得那么矮小，尤其是脚下好像踩着高跷，简直要把脚筋绷断。
oa00000409,运用这种仪器，新华医院又抢救了几例胃癌和以及十二指肠溃疡大量涌血的病人，均获得成功。,运用这种仪器，新华医院又抢救了几例胃癌和以及十二指肠溃疡大量涌血的病人，均获得成功。
oa00000410,随着国际形势的变化，论坛所探讨的议题逐渐突破了纯经济领域。,随着国际形势的变化，论坛所探讨的议题逐渐突破了纯经济领域。
oa00000411,于是课堂上拼命也算数学题而将语门政治等丢到一边，最终未能进高校大门。,于是课堂上拼命演算数学题而将语文政治等丢到一边，最终未能进高校大门。
oa00000412,专业银行要实现自身利益最大化，必须依次进筹措与运用效益的提高为基础。,专业银行要实现自身利益最大化，必须以资金筹措与运用效益的提高为基础。
oa00000413,1998年，作为中国特有植物之一，崖柏被世界自然保护联盟公布为世界受威胁植物红录，被宣告灭绝。,1998年，作为中国特有植物之一，崖柏被世界自然保护联盟公布为世界受威胁植物红录，被宣告灭绝。
oa00000414,真是聪明反被聪明误，厂长等人因犯有包庇罪从窃贼一起被关进了牢房。,真是聪明反被聪明误，厂长等人因犯有包庇罪同窃贼一起被关进了牢房。
oa00000415,王铁成对娇妻体贴入微，对老母关怀备至，远近驰名，对爱子百般疼爱，更是路人皆知。,王铁成对娇妻体贴入微，对老母关怀备至，远近驰名，对爱子百般疼爱，更是路人皆知。
oa00000416,她们嘈杂起来，有的在公共自来水龙头边舀水，有的用断了齿的木梳梳掉拗执地粘在头发里的棉絮，陆续地，两个一组两个一组地用扁担抬着平满的马桶，吆喝地望着人们身边擦过。,她们嘈杂起来，有的在公共自来水龙头边舀水，有的用断了齿的木梳梳掉拗执地粘在头发里的棉絮，陆续地，两个一组两个一组地用扁担抬着平满的马桶，吆喝地望着人们身边擦过。
oa00000417,可是清晨每张目送卖菜的女儿扯着轻雾走远时，他又会倚着菜庵的门框叹息。,可是清晨每当目送卖菜的女儿扯着轻雾走远时，他又会倚着菜庵的门框叹息。
oa00000418,跑过一圈又一圈，终于有一位运动员停下来接过她送上的水，乐得她又蹦又跳。,滑过一圈又一圈，终于有一位运动员停下来接过她送上的水，乐得她又蹦又跳。
oa00000419,或许他会偶尔看一眼同学们手里的各式新玩意，但他更渴望一顿有鱼有肉的宝石。,或许他会偶尔看一眼同学们手里的各式新玩意，但他更渴望一顿有鱼有肉的饱食。
oa00000420,今晚在顺德体育中心，国家足球集训队挑灯夜战广州队，双方以二比二握手言和。,今晚在顺德体育中心，国家足球集训队挑灯夜战广州队，双方以二比二握手言和。
oa00000421,许多双边和地区性问题也或方论坛探讨的主要内客。,许多双边和地区性问题也成为论坛探讨的主要内容。
oa00000422,庭进行深度调查的结论。调查涉及了父母的人生梦想、教育计划行为、对教育信息的需求和使用习惯以及家长对教育费用的准备情况。,庭进行深度调查的结论。调查涉及了父母的人生梦想、教育计划行为、对教育信息的需求和使用习惯以及家长对教育费用的准备情况。
oa00000423,从一九八四年元月起，全厂层层开展月评十件好事活动，六年多来从未间断。,从一九八四年元月起，全厂层层开展月评十件好事活动，六年多来从未间断。
oa00000424,调查显示，党政于部读书有三个显著特点：接受网络等新媒体闲读的速度加快；为了学习或工作需要而读书；读书时间少，对上级规定的读书计划不认周。,调查显示，党政干部读书有三个显著特点：接受网络等新媒体阅读的速度加快；为了学习或工作需要而读书；读书时间少，对上级规定的读书计划不认同。
oa00000425,雷亚的长篇谈话记录，题为《文化即命运》，文中，李光耀对“亚洲价值”进行了洋尽的阐发。,雷亚的长篇谈话记录，题为《文化即命运》，文中，李光耀对“亚洲价值”进行了详尽的阐发。
oa00000426,高矿化度矿井废水所到之处鱼虾绝迹，寸草不生而且污染地表水及地下水，使矿区本来就紧张的水资源雪上加霜。,高矿化度矿井废水所到之处鱼虾绝迹，寸草不生而且污染地表水及地下水，使矿区本来就紧张的水资源雪上加霜。
oa00000427,掌柜更是满脸堆笑，上身微躬，用甜蜜蜜的语言呼唤着面前走过的人，那神态，一如老舅见了外甥，岳丈见了女婿。,掌柜更是满脸堆笑，上身微躬，用甜蜜蜜的语言呼唤着面前走过的人，那神态，一如老舅见了外甥，岳丈见了女婿。
oa00000428,换言之，英雄就是一座遥远的丰碑，我们只能仰慕他，学习他，却无法亲近他。,换言之，英雄就是一座遥远的丰碑，我们只能仰慕他，学习他，却无法亲近他。
oa00000429,6月19日，北京铁路暑运方案出台。暑近期问，北东铁路局项发送旅客3110万人次，同比增长百分之十。,6月19日，北京铁路暑运方案出台。暑运期间，北京铁路局预发送旅客3110万人次，同比增长百分之十。
oa00000430,他虽然看不见自己长了张怎样的脸，但子时却觉得很拘束，嘴唇微微一动，又摇一摇头。,他虽然看不见自己长了张怎样的脸，但此时却觉得很局促，嘴唇微微一动，又摇一摇头。
oa00000431,去年农民的四百亩辣椒苗因连绵阴雨烂秧损失三万元，乡里全部赔堂。,去年农民的四百亩辣椒苗因连绵阴雨烂秧损失三万元，乡里全部赔偿。
oa00000432,电话是市公安局派往黑龙江省安达市的拘捕小组打来的，侦查员报告：持枪在逃犯已被申请。,电话是市公安局派往黑龙江省安达市的追捕小组打来的，侦查员报告：持枪在逃犯已被生擒。
oa00000433,住房和城乡建设部政策研究中心主任秦虹日前介绍，中国楼市的供需关系已经发生改变，楼市限购或将谢幕市场调节。,住房和城乡建设部政策研究中心主任秦虹日前介绍，中国楼市的供需关系已经发生改变，楼市限购或将谢幕市场调节。
oa00000434,一类镇痛新药盐酸二氢埃托啡的研制成功，为人类寻找新的特效镇痛药物开辟了新路。,一类镇痛新药盐酸二氢埃托啡的研制成功，为人类寻找新的特效镇痛药物开辟了新路。
oa00000435,先是一群藏羚羊来瞧一瞧，接着狼走来转了一圈，后来熊也来光顾。,先是一群藏羚羊来瞧一瞧，接着狼走来转了一圈，后来熊也来光顾。
oa00000436,一九五零年八月，中央人民政府政务院翻布了保障发明权与专利权暂行条例。,一九五零年八月，中央人民政府政务院颁布了保障发明权与专利权暂行条例。
oa00000437,农民圈地养猪，挖塘养鱼，开山种果，封山育林，从单一种养向立体养殖生态农业卖进。,农民圈地养猪，挖塘养鱼，开山种果，封山育林，从单一种养向立体养殖生态农业迈进。
oa00000438,他们在研究矮行星厄里斯的卫星“迪丝诺美亚”时，利用设在美国夏威夷的凯克大型望远镜和太空中的哈勃太空望远镜，计算出了这颗卫星的运转轨迹。,他们在研究矮行星厄里斯的卫星“迪丝诺美亚”时，利用设在美国夏威夷的凯克大型望远镜和太空中的哈勃太空望远镜，计算出了这颗卫星的运转轨迹。
oa00000439,既体现了因情况差异区别对待、河里负担的原则，又增强了税法的适应性。,既体现了因情况差异区别对待、合理负担的原则，又增强了税法的适应性。
oa00000440,19世纪中叶以来，罗布泊乃其邻近地区成为了科学界探险和考察的热点区域。,19世纪中叶以来，罗布泊及其邻近地区成为了科学界探险和考察的热点区域。
oa00000441,试想，一支军心涣散、士气低落、命令不畅的军队，怎么可能有战斗力，又怎么谈得上打胜仗？尽管当时北洋水师称得上是世界海军的七强之一，但一支军队的风气坏到这种程度，终究会有战败的一天。,试想，一支军心涣散、士气低落、命令不畅的军队，怎么可能有战斗力，又怎么谈得上打胜仗？尽管当时北洋水师称得上是世界海军的七强之一，但一支军队的风气坏到这种程度，终究会有战败的一天。
oa00000442,据了解，本届年会的主题是“非洲和亚洲：发展伙伴”，将主要讨论非洲基础设施建议、地区优化及消除贫困等问题。,据了解，本届年会的主题是“非洲和亚洲：发展伙伴”，将主要讨论非洲基础设施建设、地区优化及消除贫困等问题。
oa00000443,在北京万科副总经理肖劲看来，扎扎实实搭建好丰富便捷的交通及配套体系，并持续提供高品质的服务和文化引导，培育出文明健康和谐的社区生态，正如肖劲所描述的仁君模式，就是当前发展的最优解。,在北京万科副总经理肖劲看来，扎扎实实搭建好丰富便捷的交通及配套体系，并持续提供高品质的服务和文化引导，培育出文明健康和谐的社区生态，正如肖劲所描述的仁君模式，就是当前发展的最优解。
oa00000444,自然被窑厂酸了空子，窑厂以此偷税五万元。,自然被窑厂钻了空子，窑厂以此偷税五万元。
oa00000445,成群结队的盗墓者像疯了一样丧失理智地拥向唐三彩遗址，墓中随葬文物被哄抢一空。,成群结队的盗墓者像疯了一样丧失理智地拥向唐三彩遗址，墓中随葬文物被哄抢一空。
oa00000446,十月十二日英军进犯宁波，余步云有闻风而逃，使英军轻而易举的占领了宁波。,十月十二日英军进犯宁波，余步云又闻风而逃，使英军轻而易举地占领了宁波。
oa00000447,吃菠萝可以爱解便秘，还含有蛋白质、脂肠及食物纤维等。,吃菠萝可以缓解便秘，还含有蛋白质、脂肪及食物纤维等。
oa00000448,骨质疏松症的产生同素：遗传因素起70%到80%的作用，生活方式占30%，酗酒、大量吸烟、长期次咖啡、浓茶都易导致骨质疏松。,骨质疏松症的产生因素：遗传因素起70%到80%的作用，生活方式占30%，酗酒、大量吸烟、长期饮咖啡、浓茶都易导致骨质疏松。
oa00000449,由是，一旦形势骤然出现反转，上上下下所表现出的进退失据可谓当然。,由是，一旦形势骤然出现反转，上上下下所表现出的进退失据可谓当然。
oa00000450,这种电热杯可以壁用，也可以立用，不怕摇晃，颠波盖口有密封圈，盖上有风铃装置。,这种电热杯可以壁用，也可以立用，不怕摇晃，颠簸盖口有密封圈，盖上有蜂鸣装置。
oa00000451,在一个巨大的坡形瓦顶下，上百间标准开间的屋子也八卦形走廊左右顺序排列。,在一个巨大的坡形瓦顶下，上百间标准开间的屋子沿八卦形走廊左右顺序排列。
oa00000452,然而今年台军方却表示，“汉光”23号演习将采取全岛、全装备、全实弹等方式投入演练，并区分不同任务。,然而今年台军方却表示，“汉光”23号演习将采取全岛、全装备、全实弹等方式投入演练，并区分不同任务。
oa00000453,据诚觉睡据统计，南沙在二零一五年全广州楼市的成交量中从二零一四年的百分之一跳升到二零一五年的百分之二。,据成交数据统计，南沙在二零一五年全广州楼市的成交量中从二零一四年的百分之一跳升到二零一五年的百分之二。
oa00000454,此次救援物资包括药品，医疗器械，营养品，卫生清洁用品以及其他救灾物品等。,此次救援物资包括药品，医疗器械，营养品，卫生清洁用品以及其他救灾物品等。
oa00000455,驻藏边防某部二连战士赵金站岗时，隐隐约约听见营区外的不远处有哭泣声。,驻藏边防某部二连战士赵金站岗时，隐隐约约听见营区外的不远处有哭泣声。
oa00000456,银行从成本利益角度考虑，房贷一下子从基准到普及七折是不现实的，九折利率已是底线，至于八折甚至可能出现的七折，银行必然设定较为苛刻的准入门槛。,银行从成本利益角度考虑，房贷一下子从基准到普及七折是不现实的，九折利率已是底线，至于八折甚至可能出现的七折，银行必然设定较为苛刻的准入门槛。
oa00000457,但列宁并没有因此而否定托尔斯泰，反而称赞他的作品是俄国革命的一面镜子。,但列宁并没有因此而否定托尔斯泰，反而称赞他的作品是俄国革命的一面镜子。
oa00000458,一线防区的拿地一样还是很强，就六日的拍卖现场，华润等公司的举牌价还是非常高的，可以看到其积极性还是相当高。,一线房企的拿地意愿还是很强，就六日的拍卖现场，华润等公司的举牌价还是非常高的，可以看到其积极性还是相当高。
oa00000459,其林石之实与云雾之虚相映成气势，给人以雄浑之感，胸襟为之而阔，情怀为之激荡。,其林石之实与云雾之虚相映成气势，给人以雄浑之感，胸襟为之而阔，情怀为之激荡。
oa00000460,其目的与用意想而意见，扰乱正常税收次序，别有用心，另有图谋。,其目的与用意显而易见，扰乱正常税收秩序，别有用心，另有图谋。
oa00000461,我们愿与广大读者一起耕耘教育这片沃土，共享芬芳四溢的花香，收获累累硕果。,我们愿与广大读者一起耕耘教育这片沃土，共享芬芳四溢的花香，收获累累硕果。
oa00000462,近几年洞庭湖面积的急剧萎缩，是困扰长江中下游区域的一个焦点问题。,近几年洞庭湖面积的急剧萎缩，是困扰长江中下游区域的一个焦点问题。
oa00000463,她的父亲李德文在城关经营旅店和木匠铺二十多年，有房屋十四间，敞棚六间，常年雇一个长工，雇两个盲人专为她家推磨轧碾，还雇四、五个短工。,她的父亲李德文在城关经营旅店和木匠铺二十多年，有房屋十四间，敞棚六间，常年雇一个长工，雇两个盲人专为她家推磨轧碾，还雇四、五个短工。
oa00000464,所以这野兽有时候又特别地厌恶，粗俗，沉默寡言，冷酷地凝望着人间。,所以这野兽有时候又特别地厌恶，粗俗，沉默寡言，冷酷地凝望着人间。
oa00000465,日本银行为了防止伪造在票面上采取了严密的防伪措施，钞票中还含有磁性感应材料。,日本银行为了防止伪造在票面上采取了严密的防伪措施，钞票中还含有磁性感应材料。
oa00000466,地球物理学家进行了地震和地磁测量，以探测这块鲜为人知的大陆与南极东部的距离。,地球物理学家进行了地震和地磁测量，以探测这块鲜为人知的大陆与南极东部的距离。
oa00000467,它具有保留牙根，减除拔牙痛苦，加强牙根功能以及使义齿稳定，不易脱位等优点。,它具有保留牙根，减除拔牙痛苦，加强牙根功能以及使义齿稳定，不易脱位等优点。
oa00000468,当前和今后一个时期我国土地整理工作的重点已经明确。为实现全国耕地保有量18亿亩的目标，将紧紧围绕保护目标开展土地整理。,当前和今后一个时期我国土地整理工作的重点已经明确。为实现全国耕地保有量18亿亩的目标，将紧紧围绕保护目标开展土地整理。
oa00000469,这段长城在离中蒙边境大约18公里处，一直延神到蒙古国请内。,这段长城在离中蒙边境大约18公里处，一直延伸到蒙古国境内。
oa00000470,天河东圃地块正式车上，涉及土地出让总金额六点八七亿，该宗地块楼面价一万元，刷新了区域地价纪录。,天河东圃地块正式出让，涉及土地出让总金额六点八七亿，该宗地块楼面价一万元，刷新了区域地价纪录。
oa00000471,保护区内水生植被丰富，大面积的芦苇沼泽为栖息和繁殖在这里的水禽提供了隐蔽的场所，低洼地的草甸和草原，分布有大量的草本植物。保护区内通过调查记录到的鸟类有230多种，其中主要有丹顶鹤等6种鹤类。,保护区内水生植被丰富，大面积的芦苇沼泽为栖息和繁殖在这里的水禽提供了隐蔽的场所，低洼地的草甸和草原，分布有大量的草本植物。保护区内通过调查记录到的鸟类有230多种，其中主要有丹顶鹤等6种鹤类。
oa00000472,时来运转，遇上眼前这位知音姑娘，却因为工程吃紧屡推婚期。,时来运转，遇上眼前这位知音姑娘，却因为工程吃紧屡推婚期。
oa00000473,那时我已经上学，傍晚放学后听说邻村有西，草草扒几口饭，先便被邻村的锣鼓双吸眼了去。,那时我已经上学，傍晚放学后听说邻村有戏，草草扒几口饭，心便被邻村的锣鼓声吸引了去。
oa00000474,夏夜在场院乘凉，闻着浓烈的汉奸味儿，听着粗豪沉哑的话语，仿佛走入童话世界。,夏夜在场院乘凉，闻着浓烈的旱烟味儿，听着粗豪沉哑的话语，仿佛走入童话世界。
oa00000475,即使农民过怕了缺吃少穿的穷日子，也不愿过那种虽然馥郁却不文明的日子。,即使农民过怕了缺吃少穿的穷日子，也不愿过那种虽然富裕却不文明的日子。
oa00000476,一次次遭受危机重挫，海南的热带水果已经经不起任何风吹草动了。,一次次遭受危机重挫，海南的热带水果已经经不起任何风吹草动了。
oa00000477,身着藏袍，饮酥油茶，骑马驰骋于荒原成为许多海外游客难以忘却的体验。,身着藏袍，饮酥油茶，骑马驰骋于荒原成为许多海外游客难以忘却的体验。
oa00000478,在全国县域经济发屋员现出百舸争流、千机竞发之势的今天。,在全国县域经济发展呈现出百舸争流、千帆竞发之势的今天。
oa00000479,素有“华夏第一都”之称的禹州市有着悠久的历史，厚重的文化底蕴通过独特的城市介性和独有的产品得到张扬。,素有“华夏第一都”之称的禹州市有着悠久的历史，厚重的文化底蕴通过独特的城市个性和独有的产品得到张扬。
oa00000480,旷野的风要往这儿挖那儿挖，你能冰凌枫四面八方全刮一遍吗？,旷野的风要往这儿刮那儿刮，你能命令风四面八方全刮一遍吗？
oa00000481,他曾为火药仓库研究避雷装置，为国家造币厂研究减少金币磨损消耗的办法。,他曾为火药仓库研究避雷装置，为国家造币厂研究减少金币磨损消耗的办法。
oa00000482,小奥斯卡发现周围的世界太过荒诞就暗下决心，要永远做小孩子。,小奥斯卡发现周围的世界太过荒诞就暗下决心，要永远做小孩子。
oa00000483,这种柔软濡润性好又透气的新材料，对隐形眼镜的推广普及产生了发式代理义。,这种柔软濡润性好又透气的新材料，对隐形眼镜的推广普及产生了划时代意义。
oa00000484,如今在洱海湖面上三千多艘运输船、捕捞船、农用和养鱼船日夜穿梭忙碌。,如今在洱海湖面上三千多艘运输船、捕捞船、农用和养鱼船日夜穿梭忙碌。
oa00000485,妈妈的脸色已经变得象黄土的颜色一样黄，两眼无光，呆呆地看着屋顶一动也不动。,妈妈的脸色已经变得像黄土的颜色一样黄，两眼无光，呆呆地看着屋顶一动也不动。
oa00000486,眼下，洞就要从这里钻出去。郭增堂来到了洞的东口处，站住了，看了看，然后一边走一边检查，向洞里走去。,眼下，洞就要从这里钻出去。郭增堂来到了洞的东口处，站住了，看了看，然后一边走一边检查，向洞里走去。
oa00000487,我当时有点昏头想，就和他分手算了，哪怕登个报纸征婚也行，我连稿子都准备好了。,我当时有点昏头想，就和他分手算了，哪怕登个报纸征婚也行，我连稿子都准备好了。
oa00000488,英雄曾召刚无愧于这光荣的称号，无愧于我们的时代。,英雄曾召刚无愧于这光荣的称号，无愧于我们的时代。
oa00000489,近日，在深圳国际文博会上，收藏家陈奕洪带着数件崖柏根雕亮相，让人们得以一睹崖柏的风采。,近日，在深圳国际文博会上，收藏家陈奕洪带着数件崖柏根雕亮相，让人们得以一睹崖柏的风采。
oa00000490,结论虽然有些残酷，但后来的事实却被他不幸言中。,结论虽然有些残酷，但后来的事实却被他不幸言中。
oa00000491,其皮，这一消息也同样使中国同行感别震停。,其实，这一消息也同样使中国同行感到震惊。
oa00000492,结果大夫在我两眼眼皮下抽掉一块肉，尤其是内眼角，抽得更宽，比卫生筷子还宽。,结果大夫在我两眼眼皮下抽掉一块肉，尤其是内眼角，抽得更宽，比卫生筷子还宽。
oa00000493,六万平方米的刚需户型成交份额下调一个百分点但仍以百分之四占据市场主力位置，位于榜首的同德交易量与上月食品，而六月居冠的天河北成交宗数下滑近百分之二。,六万平方米的刚需户型成交份额下调一个百分点但仍以百分之四占据市场主力位置，位于榜首的同德交易量与上月持平，而六月居冠的天河北成交宗数下滑近百分之二。
oa00000494,加强基本口粮田建设，认真组织开展好全国116个基本农田保护示范区建设，为不同类型农业耕作区树立基本农田保护和建设的典范。,加强基本口粮田建设，认真组织开展好全国116个基本农田保护示范区建设，为不同类型农业耕作区树立基本农田保护和建设的典范。
oa00000495,外岛的金、马、澎湖演习任各为反登陵反渗透，北部将在宜兰进行海空联合截击的精密武器射击。,外岛的金、马、澎湖演习任各为反登陵反渗透，北部将在宜兰进行海空联合截击的精密武器射击。
oa00000496,人们因此纷纷猜讽：未来他们各自在中国将何去何以？,人们因此纷纷猜测：未来他们各自在中国将何去何从？
oa00000497,有的查阅资料，有的每逢有转播爱国主义影视片节目时，争相观看，完全达到了预期目的。,有的查阅资料，有的每逢有转播爱国主义影视片节目时，争相观看，完全达到了预期目的。
oa00000498,作为行政首长必须对学校的发展承担责任，来行使他在发展当中的权利。此外，当时的决策绝对是一个民主决策，一个集体的决策，一个科学的决策。,作为行政首长必须对学校的发展承担责任，来行使他在发展当中的权利。此外，当时的决策绝对是一个民主决策，一个集体的决策，一个科学的决策。
oa00000499,县殡仪馆实行昼夜值班，并备有病藏专用车，设有送病人员休息室。,县殡仪馆实行昼夜值班，并备有殡葬专用车，设有送殡人员休息室。
